metric,cell,observed_count,observed_share,null_prob,expected_count,null_lo,null_hi,reference,source_dataset_version,analysis_version,through_draw,override_ref
sum,<=80,12,0.01008403361,0.00763668444,9.087654484,4,15,exact,ds_cbdf3834368e,ds_16b6be697acb,01190,
sum,81-90,11,0.009243697479,0.00933766936,11.11182654,5,18,exact,ds_cbdf3834368e,ds_16b6be697acb,01190,
sum,91-100,22,0.01848739496,0.01683313111,20.03142602,12,29,exact,ds_cbdf3834368e,ds_16b6be697acb,01190,
sum,101-110,22,0.01848739496,0.02752845625,32.75886294,22,44,exact,ds_cbdf3834368e,ds_16b6be697acb,01190,
sum,111-120,53,0.04453781513,0.04130787944,49.15637654,36,63,exact,ds_cbdf3834368e,ds_16b6be697acb,01190,
sum,121-130,59,0.04957983193,0.05729808975,68.1847268,53,84,exact,ds_cbdf3834368e,ds_16b6be697acb,01190,
sum,131-140,81,0.06806722689,0.07380041342,87.82249197,71,106,exact,ds_cbdf3834368e,ds_16b6be697acb,01190,
sum,141-150,91,0.07647058824,0.08859830267,105.4319802,87,125,exact,ds_cbdf3834368e,ds_16b6be697acb,01190,
sum,151-160,121,0.1016806723,0.09942691665,118.3180308,98,139,exact,ds_cbdf3834368e,ds_16b6be697acb,01190,
sum,161-170,104,0.08739495798,0.1044531889,124.2992948,104,145,exact,ds_cbdf3834368e,ds_16b6be697acb,01190,
sum,171-180,137,0.1151260504,0.1027500998,122.2726188,102,143,exact,ds_cbdf3834368e,ds_16b6be697acb,01190,
sum,181-190,111,0.09327731092,0.09463903959,112.6204571,93,133,exact,ds_cbdf3834368e,ds_16b6be697acb,01190,
sum,191-200,116,0.0974789916,0.08155845141,97.05455718,79,116,exact,ds_cbdf3834368e,ds_16b6be697acb,01190,
sum,201-210,76,0.06386554622,0.06561718957,78.08445559,62,95,exact,ds_cbdf3834368e,ds_16b6be697acb,01190,
sum,211-220,72,0.06050420168,0.04911545231,58.44738825,44,73,exact,ds_cbdf3834368e,ds_16b6be697acb,01190,
sum,221-230,50,0.04201680672,0.03406709458,40.53984255,29,53,exact,ds_cbdf3834368e,ds_16b6be697acb,01190,
sum,231-240,23,0.01932773109,0.02177302781,25.90990309,17,36,exact,ds_cbdf3834368e,ds_16b6be697acb,01190,
sum,241-250,16,0.01344537815,0.01270162566,15.11493454,8,23,exact,ds_cbdf3834368e,ds_16b6be697acb,01190,
sum,251-260,6,0.005042016807,0.006675376664,7.94369823,3,14,exact,ds_cbdf3834368e,ds_16b6be697acb,01190,
sum,>=261,7,0.005882352941,0.004881910542,5.809473545,2,11,exact,ds_cbdf3834368e,ds_16b6be697acb,01190,
min,1,139,0.1168067227,0.1090909091,129.8181818,109,151,exact,ds_cbdf3834368e,ds_16b6be697acb,01190,
min,2,100,0.08403361345,0.09898989899,117.7979798,98,138,exact,ds_cbdf3834368e,ds_16b6be697acb,01190,
min,3,115,0.09663865546,0.08965122927,106.6849628,88,126,exact,ds_cbdf3834368e,ds_16b6be697acb,01190,
min,4,89,0.07478991597,0.08103091877,96.42679333,78,115,exact,ds_cbdf3834368e,ds_16b6be697acb,01190,
min,5,89,0.07478991597,0.07308671104,86.97318614,70,105,exact,ds_cbdf3834368e,ds_16b6be697acb,01190,
min,6,68,0.05714285714,0.06577803994,78.27586753,62,95,exact,ds_cbdf3834368e,ds_16b6be697acb,01190,
min,7,57,0.04789915966,0.05906599505,70.28853411,55,87,exact,ds_cbdf3834368e,ds_16b6be697acb,01190,
min,8,66,0.05546218487,0.05291328723,62.9668118,48,79,exact,ds_cbdf3834368e,ds_16b6be697acb,01190,
min,9,58,0.0487394958,0.04728421412,56.2682148,42,71,exact,ds_cbdf3834368e,ds_16b6be697acb,01190,
min,10,50,0.04201680672,0.04214462563,50.1521045,37,64,exact,ds_cbdf3834368e,ds_16b6be697acb,01190,
min,11,49,0.04117647059,0.03746188945,44.57964844,32,58,exact,ds_cbdf3834368e,ds_16b6be697acb,01190,
min,12,51,0.04285714286,0.03320485656,39.5137793,28,52,exact,ds_cbdf3834368e,ds_16b6be697acb,01190,
min,13,40,0.03361344538,0.02934382672,34.9191538,24,47,exact,ds_cbdf3834368e,ds_16b6be697acb,01190,
min,14,30,0.02521008403,0.02585051402,30.76211168,21,42,exact,ds_cbdf3834368e,ds_16b6be697acb,01190,
min,15,25,0.02100840336,0.02269801231,27.01063465,17,38,exact,ds_cbdf3834368e,ds_16b6be697acb,01190,
min,16,23,0.01932773109,0.01986076077,23.63430532,15,33,exact,ds_cbdf3834368e,ds_16b6be697acb,01190,
min,17,17,0.01428571429,0.01731450939,20.60426617,12,30,exact,ds_cbdf3834368e,ds_16b6be697acb,01190,
min,18,24,0.02016806723,0.01503628447,17.89317852,10,27,exact,ds_cbdf3834368e,ds_16b6be697acb,01190,
min,19,17,0.01428571429,0.01300435414,15.47518142,8,24,exact,ds_cbdf3834368e,ds_16b6be697acb,01190,
min,20,14,0.01176470588,0.01119819384,13.32585067,7,21,exact,ds_cbdf3834368e,ds_16b6be697acb,01190,
min,21,12,0.01008403361,0.009598451863,11.42215772,5,18,exact,ds_cbdf3834368e,ds_16b6be697acb,01190,
min,22,13,0.01092436975,0.008186914824,9.742428641,4,16,exact,ds_cbdf3834368e,ds_16b6be697acb,01190,
min,23,10,0.008403361345,0.006946473184,8.266303089,3,14,exact,ds_cbdf3834368e,ds_16b6be697acb,01190,
min,24,6,0.005042016807,0.005861086749,6.974693231,2,13,exact,ds_cbdf3834368e,ds_16b6be697acb,01190,
min,25,3,0.002521008403,0.004915750177,5.84974271,2,11,exact,ds_cbdf3834368e,ds_16b6be697acb,01190,
min,>=26,25,0.02100840336,0.0204822924,24.37392796,15,34,exact,ds_cbdf3834368e,ds_16b6be697acb,01190,
max,<=30,34,0.02857142857,0.0204822924,24.37392796,15,34,exact,ds_cbdf3834368e,ds_16b6be697acb,01190,
max,31,4,0.003361344538,0.004915750177,5.84974271,2,11,exact,ds_cbdf3834368e,ds_16b6be697acb,01190,
max,32,7,0.005882352941,0.005861086749,6.974693231,2,13,exact,ds_cbdf3834368e,ds_16b6be697acb,01190,
max,33,7,0.005882352941,0.006946473184,8.266303089,3,14,exact,ds_cbdf3834368e,ds_16b6be697acb,01190,
max,34,6,0.005042016807,0.008186914824,9.742428641,4,16,exact,ds_cbdf3834368e,ds_16b6be697acb,01190,
max,35,12,0.01008403361,0.009598451863,11.42215772,5,18,exact,ds_cbdf3834368e,ds_16b6be697acb,01190,
max,36,12,0.01008403361,0.01119819384,13.32585067,7,21,exact,ds_cbdf3834368e,ds_16b6be697acb,01190,
max,37,9,0.00756302521,0.01300435414,15.47518142,8,24,exact,ds_cbdf3834368e,ds_16b6be697acb,01190,
max,38,14,0.01176470588,0.01503628447,17.89317852,10,27,exact,ds_cbdf3834368e,ds_16b6be697acb,01190,
max,39,18,0.01512605042,0.01731450939,20.60426617,12,30,exact,ds_cbdf3834368e,ds_16b6be697acb,01190,
max,40,31,0.02605042017,0.01986076077,23.63430532,15,33,exact,ds_cbdf3834368e,ds_16b6be697acb,01190,
max,41,29,0.0243697479,0.02269801231,27.01063465,17,38,exact,ds_cbdf3834368e,ds_16b6be697acb,01190,
max,42,28,0.02352941176,0.02585051402,30.76211168,21,42,exact,ds_cbdf3834368e,ds_16b6be697acb,01190,
max,43,34,0.02857142857,0.02934382672,34.9191538,24,47,exact,ds_cbdf3834368e,ds_16b6be697acb,01190,
max,44,47,0.03949579832,0.03320485656,39.5137793,28,52,exact,ds_cbdf3834368e,ds_16b6be697acb,01190,
max,45,37,0.03109243697,0.03746188945,44.57964844,32,58,exact,ds_cbdf3834368e,ds_16b6be697acb,01190,
max,46,47,0.03949579832,0.04214462563,50.1521045,37,64,exact,ds_cbdf3834368e,ds_16b6be697acb,01190,
max,47,55,0.04621848739,0.04728421412,56.2682148,42,71,exact,ds_cbdf3834368e,ds_16b6be697acb,01190,
max,48,72,0.06050420168,0.05291328723,62.9668118,48,79,exact,ds_cbdf3834368e,ds_16b6be697acb,01190,
max,49,74,0.06218487395,0.05906599505,70.28853411,55,87,exact,ds_cbdf3834368e,ds_16b6be697acb,01190,
max,50,70,0.05882352941,0.06577803994,78.27586753,62,95,exact,ds_cbdf3834368e,ds_16b6be697acb,01190,
max,51,98,0.08235294118,0.07308671104,86.97318614,70,105,exact,ds_cbdf3834368e,ds_16b6be697acb,01190,
max,52,92,0.07731092437,0.08103091877,96.42679333,78,115,exact,ds_cbdf3834368e,ds_16b6be697acb,01190,
max,53,110,0.09243697479,0.08965122927,106.6849628,88,126,exact,ds_cbdf3834368e,ds_16b6be697acb,01190,
max,54,114,0.09579831933,0.09898989899,117.7979798,98,138,exact,ds_cbdf3834368e,ds_16b6be697acb,01190,
max,55,129,0.1084033613,0.1090909091,129.8181818,109,151,exact,ds_cbdf3834368e,ds_16b6be697acb,01190,
range,<=19,20,0.01680672269,0.01537581915,18.29722479,10,27,exact,ds_cbdf3834368e,ds_16b6be697acb,01190,
range,20,4,0.003361344538,0.004679597132,5.568720588,2,11,exact,ds_cbdf3834368e,ds_16b6be697acb,01190,
range,21,12,0.01008403361,0.005682367947,6.762017856,2,12,exact,ds_cbdf3834368e,ds_16b6be697acb,01190,
range,22,15,0.01260504202,0.006812942884,8.107402032,3,14,exact,ds_cbdf3834368e,ds_16b6be697acb,01190,
range,23,10,0.008403361345,0.008074598974,9.608772779,4,16,exact,ds_cbdf3834368e,ds_16b6be697acb,01190,
range,24,8,0.006722689076,0.009469060967,11.26818255,5,18,exact,ds_cbdf3834368e,ds_16b6be697acb,01190,
range,25,14,0.01176470588,0.01099632887,13.08563135,7,21,exact,ds_cbdf3834368e,ds_16b6be697acb,01190,
range,26,21,0.01764705882,0.01265450544,15.05886147,8,23,exact,ds_cbdf3834368e,ds_16b6be697acb,01190,
range,27,16,0.01344537815,0.01443962376,17.18315228,10,26,exact,ds_cbdf3834368e,ds_16b6be697acb,01190,
range,28,21,0.01764705882,0.01634547473,19.45111492,11,28,exact,ds_cbdf3834368e,ds_16b6be697acb,01190,
range,29,23,0.01932773109,0.01836343457,21.85248714,13,31,exact,ds_cbdf3834368e,ds_16b6be697acb,01190,
range,30,25,0.02100840336,0.0204822924,24.37392796,15,34,exact,ds_cbdf3834368e,ds_16b6be697acb,01190,
range,31,26,0.0218487395,0.02268807774,26.99881251,17,37,exact,ds_cbdf3834368e,ds_16b6be697acb,01190,
range,32,28,0.02352941176,0.024963888,29.70702673,20,41,exact,ds_cbdf3834368e,ds_16b6be697acb,01190,
range,33,24,0.02016806723,0.02728971608,32.47476214,22,44,exact,ds_cbdf3834368e,ds_16b6be697acb,01190,
range,34,38,0.03193277311,0.02964227781,35.2743106,24,47,exact,ds_cbdf3834368e,ds_16b6be697acb,01190,
range,35,44,0.03697478992,0.03199483954,38.07385905,27,50,exact,ds_cbdf3834368e,ds_16b6be697acb,01190,
range,36,35,0.02941176471,0.03431704564,40.83728431,29,54,exact,ds_cbdf3834368e,ds_16b6be697acb,01190,
range,37,47,0.03949579832,0.03657474601,43.52394775,31,57,exact,ds_cbdf3834368e,ds_16b6be697acb,01190,
range,38,37,0.03109243697,0.03872982364,46.08849013,34,60,exact,ds_cbdf3834368e,ds_16b6be697acb,01190,
range,39,43,0.03613445378,0.04074002209,48.48062629,36,62,exact,ds_cbdf3834368e,ds_16b6be697acb,01190,
range,40,59,0.04957983193,0.04255877308,50.64493997,37,65,exact,ds_cbdf3834368e,ds_16b6be697acb,01190,
range,41,59,0.04957983193,0.04413502394,52.52067848,39,67,exact,ds_cbdf3834368e,ds_16b6be697acb,01190,
range,42,44,0.03697478992,0.04541306517,54.04154755,40,69,exact,ds_cbdf3834368e,ds_16b6be697acb,01190,
range,43,52,0.04369747899,0.04633235799,55.135506,41,70,exact,ds_cbdf3834368e,ds_16b6be697acb,01190,
range,44,54,0.04537815126,0.04682736181,55.72456055,42,70,exact,ds_cbdf3834368e,ds_16b6be697acb,01190,
range,45,53,0.04453781513,0.04682736181,55.72456055,42,70,exact,ds_cbdf3834368e,ds_16b6be697acb,01190,
range,46,64,0.05378151261,0.04625629642,55.04499274,41,70,exact,ds_cbdf3834368e,ds_16b6be697acb,01190,
range,47,48,0.04033613445,0.04503258488,53.588776,40,68,exact,ds_cbdf3834368e,ds_16b6be697acb,01190,
range,48,46,0.03865546218,0.04306895472,51.25205612,38,65,exact,ds_cbdf3834368e,ds_16b6be697acb,01190,
range,49,58,0.0487394958,0.04027226935,47.92400053,35,62,exact,ds_cbdf3834368e,ds_16b6be697acb,01190,
range,50,36,0.03025210084,0.03654335552,43.48659307,31,57,exact,ds_cbdf3834368e,ds_16b6be697acb,01190,
range,51,42,0.03529411765,0.03177683089,37.81442876,26,50,exact,ds_cbdf3834368e,ds_16b6be697acb,01190,
range,52,29,0.0243697479,0.02586093152,30.77450851,21,42,exact,ds_cbdf3834368e,ds_16b6be697acb,01190,
range,53,21,0.01764705882,0.01867733943,22.22603392,14,32,exact,ds_cbdf3834368e,ds_16b6be697acb,01190,
range,54,14,0.01176470588,0.0101010101,12.02020202,6,19,exact,ds_cbdf3834368e,ds_16b6be697acb,01190,
odd_count,0,6,0.005042016807,0.0102108768,12.1509434,6,19,exact,ds_cbdf3834368e,ds_16b6be697acb,01190,
odd_count,1,73,0.06134453782,0.07797396832,92.7890223,75,111,exact,ds_cbdf3834368e,ds_16b6be697acb,01190,
odd_count,2,298,0.2504201681,0.2288366462,272.3156089,244,301,exact,ds_cbdf3834368e,ds_16b6be697acb,01190,
odd_count,3,399,0.3352941176,0.3305418222,393.3447684,362,425,exact,ds_cbdf3834368e,ds_16b6be697acb,01190,
odd_count,4,282,0.2369747899,0.2479063667,295.0085763,266,324,exact,ds_cbdf3834368e,ds_16b6be697acb,01190,
odd_count,5,112,0.09411764706,0.09153465846,108.9262436,90,129,exact,ds_cbdf3834368e,ds_16b6be697acb,01190,
odd_count,6,20,0.01680672269,0.01299566139,15.46483705,8,24,exact,ds_cbdf3834368e,ds_16b6be697acb,01190,
low_count,0,17,0.01428571429,0.01299566139,15.46483705,8,24,exact,ds_cbdf3834368e,ds_16b6be697acb,01190,
low_count,1,116,0.0974789916,0.09153465846,108.9262436,90,129,exact,ds_cbdf3834368e,ds_16b6be697acb,01190,
low_count,2,325,0.2731092437,0.2479063667,295.0085763,266,324,exact,ds_cbdf3834368e,ds_16b6be697acb,01190,
low_count,3,373,0.3134453782,0.3305418222,393.3447684,362,425,exact,ds_cbdf3834368e,ds_16b6be697acb,01190,
low_count,4,258,0.2168067227,0.2288366462,272.3156089,244,301,exact,ds_cbdf3834368e,ds_16b6be697acb,01190,
low_count,5,82,0.06890756303,0.07797396832,92.7890223,75,111,exact,ds_cbdf3834368e,ds_16b6be697acb,01190,
low_count,6,19,0.01596638655,0.0102108768,12.1509434,6,19,exact,ds_cbdf3834368e,ds_16b6be697acb,01190,
consecutive_pairs,0,670,0.5630252101,0.5481503328,652.2988961,619,686,exact,ds_cbdf3834368e,ds_16b6be697acb,01190,
consecutive_pairs,1,421,0.3537815126,0.3654335552,434.8659307,402,468,exact,ds_cbdf3834368e,ds_16b6be697acb,01190,
consecutive_pairs,2,83,0.06974789916,0.07944207722,94.53607189,77,113,exact,ds_cbdf3834368e,ds_16b6be697acb,01190,
consecutive_pairs,>=3,16,0.01344537815,0.006974034721,8.299101318,3,14,exact,ds_cbdf3834368e,ds_16b6be697acb,01190,
gap,1,635,0.1067226891,0.1090909091,649.0909091,602,697,exact_pmf_approx_band,ds_cbdf3834368e,ds_16b6be697acb,01190,
gap,2,579,0.09731092437,0.09898989899,588.989899,544,635,exact_pmf_approx_band,ds_cbdf3834368e,ds_16b6be697acb,01190,
gap,3,541,0.09092436975,0.08965122927,533.4248142,491,577,exact_pmf_approx_band,ds_cbdf3834368e,ds_16b6be697acb,01190,
gap,4,482,0.08100840336,0.08103091877,482.1339667,441,524,exact_pmf_approx_band,ds_cbdf3834368e,ds_16b6be697acb,01190,
gap,5,442,0.07428571429,0.07308671104,434.8659307,396,475,exact_pmf_approx_band,ds_cbdf3834368e,ds_16b6be697acb,01190,
gap,6,413,0.06941176471,0.06577803994,391.3793376,354,429,exact_pmf_approx_band,ds_cbdf3834368e,ds_16b6be697acb,01190,
gap,7,346,0.0581512605,0.05906599505,351.4426705,316,387,exact_pmf_approx_band,ds_cbdf3834368e,ds_16b6be697acb,01190,
gap,8,303,0.05092436975,0.05291328723,314.834059,281,349,exact_pmf_approx_band,ds_cbdf3834368e,ds_16b6be697acb,01190,
gap,9,302,0.05075630252,0.04728421412,281.341074,250,314,exact_pmf_approx_band,ds_cbdf3834368e,ds_16b6be697acb,01190,
gap,10,277,0.04655462185,0.04214462563,250.7605225,221,282,exact_pmf_approx_band,ds_cbdf3834368e,ds_16b6be697acb,01190,
gap,11,222,0.03731092437,0.03746188945,222.8982422,195,252,exact_pmf_approx_band,ds_cbdf3834368e,ds_16b6be697acb,01190,
gap,12,198,0.03327731092,0.03320485656,197.5688965,171,225,exact_pmf_approx_band,ds_cbdf3834368e,ds_16b6be697acb,01190,
gap,13,169,0.02840336134,0.02934382672,174.595769,150,201,exact_pmf_approx_band,ds_cbdf3834368e,ds_16b6be697acb,01190,
gap,14,142,0.02386554622,0.02585051402,153.8105584,130,178,exact_pmf_approx_band,ds_cbdf3834368e,ds_16b6be697acb,01190,
gap,15,110,0.01848739496,0.02269801231,135.0531732,113,158,exact_pmf_approx_band,ds_cbdf3834368e,ds_16b6be697acb,01190,
gap,16,126,0.02117647059,0.01986076077,118.1715266,98,140,exact_pmf_approx_band,ds_cbdf3834368e,ds_16b6be697acb,01190,
gap,17,106,0.01781512605,0.01731450939,103.0213309,84,123,exact_pmf_approx_band,ds_cbdf3834368e,ds_16b6be697acb,01190,
gap,18,78,0.0131092437,0.01503628447,89.4658926,72,108,exact_pmf_approx_band,ds_cbdf3834368e,ds_16b6be697acb,01190,
gap,19,100,0.01680672269,0.01300435414,77.37590711,61,95,exact_pmf_approx_band,ds_cbdf3834368e,ds_16b6be697acb,01190,
gap,20,68,0.01142857143,0.01119819384,66.62925335,51,83,exact_pmf_approx_band,ds_cbdf3834368e,ds_16b6be697acb,01190,
gap,21,51,0.008571428571,0.009598451863,57.11078858,43,72,exact_pmf_approx_band,ds_cbdf3834368e,ds_16b6be697acb,01190,
gap,22,40,0.006722689076,0.008186914824,48.7121432,36,63,exact_pmf_approx_band,ds_cbdf3834368e,ds_16b6be697acb,01190,
gap,23,44,0.007394957983,0.006946473184,41.33151544,29,54,exact_pmf_approx_band,ds_cbdf3834368e,ds_16b6be697acb,01190,
gap,24,25,0.004201680672,0.005861086749,34.87346616,24,47,exact_pmf_approx_band,ds_cbdf3834368e,ds_16b6be697acb,01190,
gap,25,28,0.004705882353,0.004915750177,29.24871355,19,40,exact_pmf_approx_band,ds_cbdf3834368e,ds_16b6be697acb,01190,
gap,26,18,0.003025210084,0.00409645848,24.37392796,15,34,exact_pmf_approx_band,ds_cbdf3834368e,ds_16b6be697acb,01190,
gap,27,24,0.004033613445,0.003390172536,20.17152659,12,29,exact_pmf_approx_band,ds_cbdf3834368e,ds_16b6be697acb,01190,
gap,28,24,0.004033613445,0.002784784583,16.56946827,9,25,exact_pmf_approx_band,ds_cbdf3834368e,ds_16b6be697acb,01190,
gap,29,13,0.00218487395,0.002269083734,13.50104822,7,21,exact_pmf_approx_band,ds_cbdf3834368e,ds_16b6be697acb,01190,
gap,30,11,0.001848739496,0.001832721478,10.90469279,5,18,exact_pmf_approx_band,ds_cbdf3834368e,ds_16b6be697acb,01190,
gap,31,11,0.001848739496,0.001466177182,8.723754233,3,15,exact_pmf_approx_band,ds_cbdf3834368e,ds_16b6be697acb,01190,
gap,32,9,0.001512605042,0.001160723602,6.906305435,2,12,exact_pmf_approx_band,ds_cbdf3834368e,ds_16b6be697acb,01190,
gap,33,5,0.0008403361345,0.0009083923845,5.404934688,1,10,exact_pmf_approx_band,ds_cbdf3834368e,ds_16b6be697acb,01190,
gap,>=34,8,0.001344537815,0.002573778423,15.31398162,8,23,exact_pmf_approx_band,ds_cbdf3834368e,ds_16b6be697acb,01190,
max_gap,<=5,5,0.004201680672,0.004311880006,5.131137207,1,10,exact,ds_cbdf3834368e,ds_16b6be697acb,01190,
max_gap,6,9,0.00756302521,0.005746873671,6.838779669,2,12,exact,ds_cbdf3834368e,ds_16b6be697acb,01190,
max_gap,7,11,0.009243697479,0.01023278115,12.17700957,6,19,exact,ds_cbdf3834368e,ds_16b6be697acb,01190,
max_gap,8,27,0.02268907563,0.01644430301,19.56872059,11,29,exact,ds_cbdf3834368e,ds_16b6be697acb,01190,
max_gap,9,34,0.02857142857,0.02437109074,29.00159798,19,40,exact,ds_cbdf3834368e,ds_16b6be697acb,01190,
max_gap,10,56,0.04705882353,0.03375443153,40.16777353,28,53,exact,ds_cbdf3834368e,ds_16b6be697acb,01190,
max_gap,11,56,0.04705882353,0.04402515723,52.38993711,39,67,exact,ds_cbdf3834368e,ds_16b6be697acb,01190,
max_gap,12,75,0.06302521008,0.0542487972,64.55606867,50,80,exact,ds_cbdf3834368e,ds_16b6be697acb,01190,
max_gap,13,55,0.04621848739,0.06319267118,75.19927871,59,92,exact,ds_cbdf3834368e,ds_16b6be697acb,01190,
max_gap,14,76,0.06386554622,0.06967342683,82.91137793,66,101,exact,ds_cbdf3834368e,ds_16b6be697acb,01190,
max_gap,15,69,0.05798319328,0.07299150473,86.85989063,70,105,exact,ds_cbdf3834368e,ds_16b6be697acb,01190,
max_gap,16,90,0.0756302521,0.07310482094,86.99473692,70,105,exact,ds_cbdf3834368e,ds_16b6be697acb,01190,
max_gap,17,88,0.07394957983,0.07047164206,83.86125405,67,102,exact,ds_cbdf3834368e,ds_16b6be697acb,01190,
max_gap,18,74,0.06218487395,0.06582222809,78.32845142,62,95,exact,ds_cbdf3834368e,ds_16b6be697acb,01190,
max_gap,19,89,0.07478991597,0.05993168257,71.31870226,56,88,exact,ds_cbdf3834368e,ds_16b6be697acb,01190,
max_gap,20,66,0.05546218487,0.0534483398,63.60352436,49,79,exact,ds_cbdf3834368e,ds_16b6be697acb,01190,
max_gap,21,50,0.04201680672,0.04685771745,55.76068376,42,70,exact,ds_cbdf3834368e,ds_16b6be697acb,01190,
max_gap,22,40,0.03361344538,0.04050200632,48.19738752,35,62,exact,ds_cbdf3834368e,ds_16b6be697acb,01190,
max_gap,23,44,0.03697478992,0.03460197467,41.17634986,29,54,exact,ds_cbdf3834368e,ds_16b6be697acb,01190,
max_gap,24,25,0.02100840336,0.02927887256,34.84185835,24,47,exact,ds_cbdf3834368e,ds_16b6be697acb,01190,
max_gap,25,28,0.02352941176,0.02457633623,29.24584011,19,40,exact,ds_cbdf3834368e,ds_16b6be697acb,01190,
max_gap,26,18,0.01512605042,0.0204822924,24.37392796,15,34,exact,ds_cbdf3834368e,ds_16b6be697acb,01190,
max_gap,27,24,0.02016806723,0.01695086268,20.17152659,12,29,exact,ds_cbdf3834368e,ds_16b6be697acb,01190,
max_gap,28,24,0.02016806723,0.01392392291,16.56946827,9,25,exact,ds_cbdf3834368e,ds_16b6be697acb,01190,
max_gap,29,13,0.01092436975,0.01134541867,13.50104822,7,21,exact,ds_cbdf3834368e,ds_16b6be697acb,01190,
max_gap,30,11,0.009243697479,0.009163607388,10.90469279,5,18,exact,ds_cbdf3834368e,ds_16b6be697acb,01190,
max_gap,31,11,0.009243697479,0.00733088591,8.723754233,3,15,exact,ds_cbdf3834368e,ds_16b6be697acb,01190,
max_gap,32,9,0.00756302521,0.005803618012,6.906305435,2,12,exact,ds_cbdf3834368e,ds_16b6be697acb,01190,
max_gap,33,5,0.004201680672,0.004541961923,5.404934688,1,10,exact,ds_cbdf3834368e,ds_16b6be697acb,01190,
max_gap,>=34,8,0.006722689076,0.01286889211,15.31398162,8,23,exact,ds_cbdf3834368e,ds_16b6be697acb,01190,
min_gap,1,520,0.4369747899,0.4518496672,537.7011039,504,571,exact,ds_cbdf3834368e,ds_16b6be697acb,01190,
min_gap,2,332,0.2789915966,0.267186162,317.9515327,288,348,exact,ds_cbdf3834368e,ds_16b6be697acb,01190,
min_gap,3,176,0.1478991597,0.1485590991,176.7853279,153,201,exact,ds_cbdf3834368e,ds_16b6be697acb,01190,
min_gap,4,90,0.0756302521,0.07641410261,90.9327821,73,109,exact,ds_cbdf3834368e,ds_16b6be697acb,01190,
min_gap,5,46,0.03865546218,0.0355086768,42.25532539,30,55,exact,ds_cbdf3834368e,ds_16b6be697acb,01190,
min_gap,6,15,0.01260504202,0.01437322081,17.10413276,10,26,exact,ds_cbdf3834368e,ds_16b6be697acb,01190,
min_gap,>=7,11,0.009243697479,0.006109071592,7.269795194,3,13,exact,ds_cbdf3834368e,ds_16b6be697acb,01190,
