statistic,param,quantile,value,reps,seed,source_dataset_version,analysis_version,through_draw,override_ref
number_frequency_max,,0.975,167,10000,20260924,ds_cbdf3834368e,ds_16b6be697acb,01190,
number_frequency_min,,0.025,95,10000,20260924,ds_cbdf3834368e,ds_16b6be697acb,01190,
pair_count_max,,0.975,29,10000,20260924,ds_cbdf3834368e,ds_16b6be697acb,01190,
pair_count_min,,0.025,1,10000,20260924,ds_cbdf3834368e,ds_16b6be697acb,01190,
rolling_max_z,100,0.975,3.557592245,10000,20260924,ds_cbdf3834368e,ds_16b6be697acb,01190,
rolling_max_z,200,0.975,3.67029814,10000,20260924,ds_cbdf3834368e,ds_16b6be697acb,01190,
rolling_max_z,50,0.975,3.876494665,10000,20260924,ds_cbdf3834368e,ds_16b6be697acb,01190,
rolling_min_z,100,0.025,-2.857738033,10000,20260924,ds_cbdf3834368e,ds_16b6be697acb,01190,
rolling_min_z,200,0.025,-2.907370998,10000,20260924,ds_cbdf3834368e,ds_16b6be697acb,01190,
rolling_min_z,50,0.025,-2.474358297,10000,20260924,ds_cbdf3834368e,ds_16b6be697acb,01190,
special_frequency_max,,0.975,38,10000,20260924,ds_cbdf3834368e,ds_16b6be697acb,01190,
special_frequency_min,,0.025,8,10000,20260924,ds_cbdf3834368e,ds_16b6be697acb,01190,
stability_number,0-1,0.025,-0.269878198,10000,20260924,ds_cbdf3834368e,ds_16b6be697acb,01190,
stability_number,0-1,0.975,0.2717009377,10000,20260924,ds_cbdf3834368e,ds_16b6be697acb,01190,
stability_number,0-1,mean,0.0003272786447,10000,20260924,ds_cbdf3834368e,ds_16b6be697acb,01190,
stability_number,0-2,0.025,-0.2625684468,10000,20260924,ds_cbdf3834368e,ds_16b6be697acb,01190,
stability_number,0-2,0.975,0.2631379434,10000,20260924,ds_cbdf3834368e,ds_16b6be697acb,01190,
stability_number,0-2,mean,0.0004995197726,10000,20260924,ds_cbdf3834368e,ds_16b6be697acb,01190,
stability_number,0-3,0.025,-0.2646221953,10000,20260924,ds_cbdf3834368e,ds_16b6be697acb,01190,
stability_number,0-3,0.975,0.2629727987,10000,20260924,ds_cbdf3834368e,ds_16b6be697acb,01190,
stability_number,0-3,mean,-0.001910822468,10000,20260924,ds_cbdf3834368e,ds_16b6be697acb,01190,
stability_number,0-4,0.025,-0.2646477014,10000,20260924,ds_cbdf3834368e,ds_16b6be697acb,01190,
stability_number,0-4,0.975,0.2668662457,10000,20260924,ds_cbdf3834368e,ds_16b6be697acb,01190,
stability_number,0-4,mean,0.0007547430634,10000,20260924,ds_cbdf3834368e,ds_16b6be697acb,01190,
stability_number,1-2,0.025,-0.2670813231,10000,20260924,ds_cbdf3834368e,ds_16b6be697acb,01190,
stability_number,1-2,0.975,0.2684314619,10000,20260924,ds_cbdf3834368e,ds_16b6be697acb,01190,
stability_number,1-2,mean,0.0009550795709,10000,20260924,ds_cbdf3834368e,ds_16b6be697acb,01190,
stability_number,1-3,0.025,-0.2637845171,10000,20260924,ds_cbdf3834368e,ds_16b6be697acb,01190,
stability_number,1-3,0.975,0.2619439711,10000,20260924,ds_cbdf3834368e,ds_16b6be697acb,01190,
stability_number,1-3,mean,0.002012093885,10000,20260924,ds_cbdf3834368e,ds_16b6be697acb,01190,
stability_number,1-4,0.025,-0.269876685,10000,20260924,ds_cbdf3834368e,ds_16b6be697acb,01190,
stability_number,1-4,0.975,0.271685094,10000,20260924,ds_cbdf3834368e,ds_16b6be697acb,01190,
stability_number,1-4,mean,-0.0004211398434,10000,20260924,ds_cbdf3834368e,ds_16b6be697acb,01190,
stability_number,2-3,0.025,-0.2651535625,10000,20260924,ds_cbdf3834368e,ds_16b6be697acb,01190,
stability_number,2-3,0.975,0.2666226576,10000,20260924,ds_cbdf3834368e,ds_16b6be697acb,01190,
stability_number,2-3,mean,-0.0003242231203,10000,20260924,ds_cbdf3834368e,ds_16b6be697acb,01190,
stability_number,2-4,0.025,-0.2639915583,10000,20260924,ds_cbdf3834368e,ds_16b6be697acb,01190,
stability_number,2-4,0.975,0.2656886542,10000,20260924,ds_cbdf3834368e,ds_16b6be697acb,01190,
stability_number,2-4,mean,0.0003078472028,10000,20260924,ds_cbdf3834368e,ds_16b6be697acb,01190,
stability_number,3-4,0.025,-0.2675039395,10000,20260924,ds_cbdf3834368e,ds_16b6be697acb,01190,
stability_number,3-4,0.975,0.2638760816,10000,20260924,ds_cbdf3834368e,ds_16b6be697acb,01190,
stability_number,3-4,mean,0.0007896127186,10000,20260924,ds_cbdf3834368e,ds_16b6be697acb,01190,
stability_pair,0-1,0.025,-0.0616575716,10000,20260924,ds_cbdf3834368e,ds_16b6be697acb,01190,
stability_pair,0-1,0.975,0.06370110722,10000,20260924,ds_cbdf3834368e,ds_16b6be697acb,01190,
stability_pair,0-1,mean,0.0002139960287,10000,20260924,ds_cbdf3834368e,ds_16b6be697acb,01190,
stability_pair,0-2,0.025,-0.06153029565,10000,20260924,ds_cbdf3834368e,ds_16b6be697acb,01190,
stability_pair,0-2,0.975,0.0630688848,10000,20260924,ds_cbdf3834368e,ds_16b6be697acb,01190,
stability_pair,0-2,mean,-5.031656856e-05,10000,20260924,ds_cbdf3834368e,ds_16b6be697acb,01190,
stability_pair,0-3,0.025,-0.06161408342,10000,20260924,ds_cbdf3834368e,ds_16b6be697acb,01190,
stability_pair,0-3,0.975,0.06178702595,10000,20260924,ds_cbdf3834368e,ds_16b6be697acb,01190,
stability_pair,0-3,mean,-0.0004942845335,10000,20260924,ds_cbdf3834368e,ds_16b6be697acb,01190,
stability_pair,0-4,0.025,-0.06125960214,10000,20260924,ds_cbdf3834368e,ds_16b6be697acb,01190,
stability_pair,0-4,0.975,0.06274031061,10000,20260924,ds_cbdf3834368e,ds_16b6be697acb,01190,
stability_pair,0-4,mean,0.000584097827,10000,20260924,ds_cbdf3834368e,ds_16b6be697acb,01190,
stability_pair,1-2,0.025,-0.06204768682,10000,20260924,ds_cbdf3834368e,ds_16b6be697acb,01190,
stability_pair,1-2,0.975,0.06304974453,10000,20260924,ds_cbdf3834368e,ds_16b6be697acb,01190,
stability_pair,1-2,mean,0.0004504313813,10000,20260924,ds_cbdf3834368e,ds_16b6be697acb,01190,
stability_pair,1-3,0.025,-0.06100973317,10000,20260924,ds_cbdf3834368e,ds_16b6be697acb,01190,
stability_pair,1-3,0.975,0.06205881913,10000,20260924,ds_cbdf3834368e,ds_16b6be697acb,01190,
stability_pair,1-3,mean,0.000176200222,10000,20260924,ds_cbdf3834368e,ds_16b6be697acb,01190,
stability_pair,1-4,0.025,-0.06414605619,10000,20260924,ds_cbdf3834368e,ds_16b6be697acb,01190,
stability_pair,1-4,0.975,0.06268413705,10000,20260924,ds_cbdf3834368e,ds_16b6be697acb,01190,
stability_pair,1-4,mean,-0.0005416865427,10000,20260924,ds_cbdf3834368e,ds_16b6be697acb,01190,
stability_pair,2-3,0.025,-0.061056891,10000,20260924,ds_cbdf3834368e,ds_16b6be697acb,01190,
stability_pair,2-3,0.975,0.06275292817,10000,20260924,ds_cbdf3834368e,ds_16b6be697acb,01190,
stability_pair,2-3,mean,0.0002264892484,10000,20260924,ds_cbdf3834368e,ds_16b6be697acb,01190,
stability_pair,2-4,0.025,-0.06209797004,10000,20260924,ds_cbdf3834368e,ds_16b6be697acb,01190,
stability_pair,2-4,0.975,0.06267707815,10000,20260924,ds_cbdf3834368e,ds_16b6be697acb,01190,
stability_pair,2-4,mean,-0.0001430713585,10000,20260924,ds_cbdf3834368e,ds_16b6be697acb,01190,
stability_pair,3-4,0.025,-0.06300444505,10000,20260924,ds_cbdf3834368e,ds_16b6be697acb,01190,
stability_pair,3-4,0.975,0.06379572773,10000,20260924,ds_cbdf3834368e,ds_16b6be697acb,01190,
stability_pair,3-4,mean,0.0004228710086,10000,20260924,ds_cbdf3834368e,ds_16b6be697acb,01190,
