metric,value,prob,source_dataset_version,analysis_version,through_draw,override_ref
sum,21,3.449504004e-08,ds_cbdf3834368e,ds_16b6be697acb,01190,
sum,22,3.449504004e-08,ds_cbdf3834368e,ds_16b6be697acb,01190,
sum,23,6.899008009e-08,ds_cbdf3834368e,ds_16b6be697acb,01190,
sum,24,1.034851201e-07,ds_cbdf3834368e,ds_16b6be697acb,01190,
sum,25,1.724752002e-07,ds_cbdf3834368e,ds_16b6be697acb,01190,
sum,26,2.414652803e-07,ds_cbdf3834368e,ds_16b6be697acb,01190,
sum,27,3.794454405e-07,ds_cbdf3834368e,ds_16b6be697acb,01190,
sum,28,4.829305606e-07,ds_cbdf3834368e,ds_16b6be697acb,01190,
sum,29,6.899008009e-07,ds_cbdf3834368e,ds_16b6be697acb,01190,
sum,30,8.968710412e-07,ds_cbdf3834368e,ds_16b6be697acb,01190,
sum,31,1.207326402e-06,ds_cbdf3834368e,ds_16b6be697acb,01190,
sum,32,1.517781762e-06,ds_cbdf3834368e,ds_16b6be697acb,01190,
sum,33,2.000712323e-06,ds_cbdf3834368e,ds_16b6be697acb,01190,
sum,34,2.449147843e-06,ds_cbdf3834368e,ds_16b6be697acb,01190,
sum,35,3.104553604e-06,ds_cbdf3834368e,ds_16b6be697acb,01190,
sum,36,3.794454405e-06,ds_cbdf3834368e,ds_16b6be697acb,01190,
sum,37,4.691325446e-06,ds_cbdf3834368e,ds_16b6be697acb,01190,
sum,38,5.622691527e-06,ds_cbdf3834368e,ds_16b6be697acb,01190,
sum,39,6.864512969e-06,ds_cbdf3834368e,ds_16b6be697acb,01190,
sum,40,8.10633441e-06,ds_cbdf3834368e,ds_16b6be697acb,01190,
sum,41,9.727601293e-06,ds_cbdf3834368e,ds_16b6be697acb,01190,
sum,42,1.141785825e-05,ds_cbdf3834368e,ds_16b6be697acb,01190,
sum,43,1.348756066e-05,ds_cbdf3834368e,ds_16b6be697acb,01190,
sum,44,1.566074818e-05,ds_cbdf3834368e,ds_16b6be697acb,01190,
sum,45,1.83513613e-05,ds_cbdf3834368e,ds_16b6be697acb,01190,
sum,46,2.111096451e-05,ds_cbdf3834368e,ds_16b6be697acb,01190,
sum,47,2.445698339e-05,ds_cbdf3834368e,ds_16b6be697acb,01190,
sum,48,2.797547748e-05,ds_cbdf3834368e,ds_16b6be697acb,01190,
sum,49,3.211488228e-05,ds_cbdf3834368e,ds_16b6be697acb,01190,
sum,50,3.646125733e-05,ds_cbdf3834368e,ds_16b6be697acb,01190,
sum,51,4.160101829e-05,ds_cbdf3834368e,ds_16b6be697acb,01190,
sum,52,4.691325446e-05,ds_cbdf3834368e,ds_16b6be697acb,01190,
sum,53,5.312236167e-05,ds_cbdf3834368e,ds_16b6be697acb,01190,
sum,54,5.964192424e-05,ds_cbdf3834368e,ds_16b6be697acb,01190,
sum,55,6.709285289e-05,ds_cbdf3834368e,ds_16b6be697acb,01190,
sum,56,7.492322698e-05,ds_cbdf3834368e,ds_16b6be697acb,01190,
sum,57,8.389193739e-05,ds_cbdf3834368e,ds_16b6be697acb,01190,
sum,58,9.32055982e-05,ds_cbdf3834368e,ds_16b6be697acb,01190,
sum,59,0.0001037955755,ds_cbdf3834368e,ds_16b6be697acb,01190,
sum,60,0.0001149029784,ds_cbdf3834368e,ds_16b6be697acb,01190,
sum,61,0.0001273556878,ds_cbdf3834368e,ds_16b6be697acb,01190,
sum,62,0.000140394813,ds_cbdf3834368e,ds_16b6be697acb,01190,
sum,63,0.00015502071,ds_cbdf3834368e,ds_16b6be697acb,01190,
sum,64,0.0001702330226,ds_cbdf3834368e,ds_16b6be697acb,01190,
sum,65,0.0001872045823,ds_cbdf3834368e,ds_16b6be697acb,01190,
sum,66,0.0002049695279,ds_cbdf3834368e,ds_16b6be697acb,01190,
sum,67,0.0002245627107,ds_cbdf3834368e,ds_16b6be697acb,01190,
sum,68,0.0002450527645,ds_cbdf3834368e,ds_16b6be697acb,01190,
sum,69,0.0002676815107,ds_cbdf3834368e,ds_16b6be697acb,01190,
sum,70,0.0002912071281,ds_cbdf3834368e,ds_16b6be697acb,01190,
sum,71,0.000317043913,ds_cbdf3834368e,ds_16b6be697acb,01190,
sum,72,0.0003440190344,ds_cbdf3834368e,ds_16b6be697acb,01190,
sum,73,0.0003734088085,ds_cbdf3834368e,ds_16b6be697acb,01190,
sum,74,0.000404040404,ds_cbdf3834368e,ds_16b6be697acb,01190,
sum,75,0.0004373971078,ds_cbdf3834368e,ds_16b6be697acb,01190,
sum,76,0.0004719956329,ds_cbdf3834368e,ds_16b6be697acb,01190,
sum,77,0.0005095262365,ds_cbdf3834368e,ds_16b6be697acb,01190,
sum,78,0.0005485401268,ds_cbdf3834368e,ds_16b6be697acb,01190,
sum,79,0.0005905550856,ds_cbdf3834368e,ds_16b6be697acb,01190,
sum,80,0.0006341568162,ds_cbdf3834368e,ds_16b6be697acb,01190,
sum,81,0.0006811045657,ds_cbdf3834368e,ds_16b6be697acb,01190,
sum,82,0.000729604592,ds_cbdf3834368e,ds_16b6be697acb,01190,
sum,83,0.0007816231124,ds_cbdf3834368e,ds_16b6be697acb,01190,
sum,84,0.0008354353748,ds_cbdf3834368e,ds_16b6be697acb,01190,
sum,85,0.0008928351215,ds_cbdf3834368e,ds_16b6be697acb,01190,
sum,86,0.0009520976003,ds_cbdf3834368e,ds_16b6be697acb,01190,
sum,87,0.001015258019,ds_cbdf3834368e,ds_16b6be697acb,01190,
sum,88,0.001080212179,ds_cbdf3834368e,ds_16b6be697acb,01190,
sum,89,0.001149236754,ds_cbdf3834368e,ds_16b6be697acb,01190,
sum,90,0.001220262042,ds_cbdf3834368e,ds_16b6be697acb,01190,
sum,91,0.001295357744,ds_cbdf3834368e,ds_16b6be697acb,01190,
sum,92,0.001372488653,ds_cbdf3834368e,ds_16b6be697acb,01190,
sum,93,0.001454000433,ds_cbdf3834368e,ds_16b6be697acb,01190,
sum,94,0.00153740944,ds_cbdf3834368e,ds_16b6be697acb,01190,
sum,95,0.001625302802,ds_cbdf3834368e,ds_16b6be697acb,01190,
sum,96,0.001715265866,ds_cbdf3834368e,ds_16b6be697acb,01190,
sum,97,0.001809678791,ds_cbdf3834368e,ds_16b6be697acb,01190,
sum,98,0.001906126923,ds_cbdf3834368e,ds_16b6be697acb,01190,
sum,99,0.00200726638,ds_cbdf3834368e,ds_16b6be697acb,01190,
sum,100,0.002110234075,ds_cbdf3834368e,ds_16b6be697acb,01190,
sum,101,0.002217962085,ds_cbdf3834368e,ds_16b6be697acb,01190,
sum,102,0.002327621817,ds_cbdf3834368e,ds_16b6be697acb,01190,
sum,103,0.002441903885,ds_cbdf3834368e,ds_16b6be697acb,01190,
sum,104,0.00255801419,ds_cbdf3834368e,ds_16b6be697acb,01190,
sum,105,0.0026789538,ds_cbdf3834368e,ds_16b6be697acb,01190,
sum,106,0.002801411192,ds_cbdf3834368e,ds_16b6be697acb,01190,
sum,107,0.002928663395,ds_cbdf3834368e,ds_16b6be697acb,01190,
sum,108,0.003057467874,ds_cbdf3834368e,ds_16b6be697acb,01190,
sum,109,0.003190860194,ds_cbdf3834368e,ds_16b6be697acb,01190,
sum,110,0.003325597821,ds_cbdf3834368e,ds_16b6be697acb,01190,
sum,111,0.003465026772,ds_cbdf3834368e,ds_16b6be697acb,01190,
sum,112,0.00360538709,ds_cbdf3834368e,ds_16b6be697acb,01190,
sum,113,0.003750335249,ds_cbdf3834368e,ds_16b6be697acb,01190,
sum,114,0.003896145783,ds_cbdf3834368e,ds_16b6be697acb,01190,
sum,115,0.004046199207,ds_cbdf3834368e,ds_16b6be697acb,01190,
sum,116,0.004196804552,ds_cbdf3834368e,ds_16b6be697acb,01190,
sum,117,0.004351687282,ds_cbdf3834368e,ds_16b6be697acb,01190,
sum,118,0.004506570012,ds_cbdf3834368e,ds_16b6be697acb,01190,
sum,119,0.004665488661,ds_cbdf3834368e,ds_16b6be697acb,01190,
sum,120,0.004824234835,ds_cbdf3834368e,ds_16b6be697acb,01190,
sum,121,0.004986568494,ds_cbdf3834368e,ds_16b6be697acb,01190,
sum,122,0.005148315737,ds_cbdf3834368e,ds_16b6be697acb,01190,
sum,123,0.005313546978,ds_cbdf3834368e,ds_16b6be697acb,01190,
sum,124,0.005477536399,ds_cbdf3834368e,ds_16b6be697acb,01190,
sum,125,0.005644699363,ds_cbdf3834368e,ds_16b6be697acb,01190,
sum,126,0.00581037904,ds_cbdf3834368e,ds_16b6be697acb,01190,
sum,127,0.005978645845,ds_cbdf3834368e,ds_16b6be697acb,01190,
sum,128,0.006144946434,ds_cbdf3834368e,ds_16b6be697acb,01190,
sum,129,0.006313696169,ds_cbdf3834368e,ds_16b6be697acb,01190,
sum,130,0.006479755292,ds_cbdf3834368e,ds_16b6be697acb,01190,
sum,131,0.006647849622,ds_cbdf3834368e,ds_16b6be697acb,01190,
sum,132,0.006812977379,ds_cbdf3834368e,ds_16b6be697acb,01190,
sum,133,0.006979519432,ds_cbdf3834368e,ds_16b6be697acb,01190,
sum,134,0.007142577487,ds_cbdf3834368e,ds_16b6be697acb,01190,
sum,135,0.007306842867,ds_cbdf3834368e,ds_16b6be697acb,01190,
sum,136,0.007466865358,ds_cbdf3834368e,ds_16b6be697acb,01190,
sum,137,0.007627681235,ds_cbdf3834368e,ds_16b6be697acb,01190,
sum,138,0.007783978261,ds_cbdf3834368e,ds_16b6be697acb,01190,
sum,139,0.007940378773,ds_cbdf3834368e,ds_16b6be697acb,01190,
sum,140,0.008091743009,ds_cbdf3834368e,ds_16b6be697acb,01190,
sum,141,0.008243038254,ds_cbdf3834368e,ds_16b6be697acb,01190,
sum,142,0.008388538333,ds_cbdf3834368e,ds_16b6be697acb,01190,
sum,143,0.008533520986,ds_cbdf3834368e,ds_16b6be697acb,01190,
sum,144,0.008672467008,ds_cbdf3834368e,ds_16b6be697acb,01190,
sum,145,0.008810240198,ds_cbdf3834368e,ds_16b6be697acb,01190,
sum,146,0.008941493825,ds_cbdf3834368e,ds_16b6be697acb,01190,
sum,147,0.009071402146,ds_cbdf3834368e,ds_16b6be697acb,01190,
sum,148,0.009194066508,ds_cbdf3834368e,ds_16b6be697acb,01190,
sum,149,0.009315006119,ds_cbdf3834368e,ds_16b6be697acb,01190,
sum,150,0.009428529295,ds_cbdf3834368e,ds_16b6be697acb,01190,
sum,151,0.009539672314,ds_cbdf3834368e,ds_16b6be697acb,01190,
sum,152,0.009642984959,ds_cbdf3834368e,ds_16b6be697acb,01190,
sum,153,0.009743848456,ds_cbdf3834368e,ds_16b6be697acb,01190,
sum,154,0.009836226174,ds_cbdf3834368e,ds_16b6be697acb,01190,
sum,155,0.009925809793,ds_cbdf3834368e,ds_16b6be697acb,01190,
sum,156,0.01000683864,ds_cbdf3834368e,ds_16b6be697acb,01190,
sum,157,0.01008452147,ds_cbdf3834368e,ds_16b6be697acb,01190,
sum,158,0.01015333908,ds_cbdf3834368e,ds_16b6be697acb,01190,
sum,159,0.01021881066,ds_cbdf3834368e,ds_16b6be697acb,01190,
sum,160,0.0102748651,ds_cbdf3834368e,ds_16b6be697acb,01190,
sum,161,0.01032736655,ds_cbdf3834368e,ds_16b6be697acb,01190,
sum,162,0.01037051985,ds_cbdf3834368e,ds_16b6be697acb,01190,
sum,163,0.01040963722,ds_cbdf3834368e,ds_16b6be697acb,01190,
sum,164,0.01043923397,ds_cbdf3834368e,ds_16b6be697acb,01190,
sum,165,0.01046496727,ds_cbdf3834368e,ds_16b6be697acb,01190,
sum,166,0.010480766,ds_cbdf3834368e,ds_16b6be697acb,01190,
sum,167,0.0104925978,ds_cbdf3834368e,ds_16b6be697acb,01190,
sum,168,0.01049473649,ds_cbdf3834368e,ds_16b6be697acb,01190,
sum,169,0.0104925978,ds_cbdf3834368e,ds_16b6be697acb,01190,
sum,170,0.010480766,ds_cbdf3834368e,ds_16b6be697acb,01190,
sum,171,0.01046496727,ds_cbdf3834368e,ds_16b6be697acb,01190,
sum,172,0.01043923397,ds_cbdf3834368e,ds_16b6be697acb,01190,
sum,173,0.01040963722,ds_cbdf3834368e,ds_16b6be697acb,01190,
sum,174,0.01037051985,ds_cbdf3834368e,ds_16b6be697acb,01190,
sum,175,0.01032736655,ds_cbdf3834368e,ds_16b6be697acb,01190,
sum,176,0.0102748651,ds_cbdf3834368e,ds_16b6be697acb,01190,
sum,177,0.01021881066,ds_cbdf3834368e,ds_16b6be697acb,01190,
sum,178,0.01015333908,ds_cbdf3834368e,ds_16b6be697acb,01190,
sum,179,0.01008452147,ds_cbdf3834368e,ds_16b6be697acb,01190,
sum,180,0.01000683864,ds_cbdf3834368e,ds_16b6be697acb,01190,
sum,181,0.009925809793,ds_cbdf3834368e,ds_16b6be697acb,01190,
sum,182,0.009836226174,ds_cbdf3834368e,ds_16b6be697acb,01190,
sum,183,0.009743848456,ds_cbdf3834368e,ds_16b6be697acb,01190,
sum,184,0.009642984959,ds_cbdf3834368e,ds_16b6be697acb,01190,
sum,185,0.009539672314,ds_cbdf3834368e,ds_16b6be697acb,01190,
sum,186,0.009428529295,ds_cbdf3834368e,ds_16b6be697acb,01190,
sum,187,0.009315006119,ds_cbdf3834368e,ds_16b6be697acb,01190,
sum,188,0.009194066508,ds_cbdf3834368e,ds_16b6be697acb,01190,
sum,189,0.009071402146,ds_cbdf3834368e,ds_16b6be697acb,01190,
sum,190,0.008941493825,ds_cbdf3834368e,ds_16b6be697acb,01190,
sum,191,0.008810240198,ds_cbdf3834368e,ds_16b6be697acb,01190,
sum,192,0.008672467008,ds_cbdf3834368e,ds_16b6be697acb,01190,
sum,193,0.008533520986,ds_cbdf3834368e,ds_16b6be697acb,01190,
sum,194,0.008388538333,ds_cbdf3834368e,ds_16b6be697acb,01190,
sum,195,0.008243038254,ds_cbdf3834368e,ds_16b6be697acb,01190,
sum,196,0.008091743009,ds_cbdf3834368e,ds_16b6be697acb,01190,
sum,197,0.007940378773,ds_cbdf3834368e,ds_16b6be697acb,01190,
sum,198,0.007783978261,ds_cbdf3834368e,ds_16b6be697acb,01190,
sum,199,0.007627681235,ds_cbdf3834368e,ds_16b6be697acb,01190,
sum,200,0.007466865358,ds_cbdf3834368e,ds_16b6be697acb,01190,
sum,201,0.007306842867,ds_cbdf3834368e,ds_16b6be697acb,01190,
sum,202,0.007142577487,ds_cbdf3834368e,ds_16b6be697acb,01190,
sum,203,0.006979519432,ds_cbdf3834368e,ds_16b6be697acb,01190,
sum,204,0.006812977379,ds_cbdf3834368e,ds_16b6be697acb,01190,
sum,205,0.006647849622,ds_cbdf3834368e,ds_16b6be697acb,01190,
sum,206,0.006479755292,ds_cbdf3834368e,ds_16b6be697acb,01190,
sum,207,0.006313696169,ds_cbdf3834368e,ds_16b6be697acb,01190,
sum,208,0.006144946434,ds_cbdf3834368e,ds_16b6be697acb,01190,
sum,209,0.005978645845,ds_cbdf3834368e,ds_16b6be697acb,01190,
sum,210,0.00581037904,ds_cbdf3834368e,ds_16b6be697acb,01190,
sum,211,0.005644699363,ds_cbdf3834368e,ds_16b6be697acb,01190,
sum,212,0.005477536399,ds_cbdf3834368e,ds_16b6be697acb,01190,
sum,213,0.005313546978,ds_cbdf3834368e,ds_16b6be697acb,01190,
sum,214,0.005148315737,ds_cbdf3834368e,ds_16b6be697acb,01190,
sum,215,0.004986568494,ds_cbdf3834368e,ds_16b6be697acb,01190,
sum,216,0.004824234835,ds_cbdf3834368e,ds_16b6be697acb,01190,
sum,217,0.004665488661,ds_cbdf3834368e,ds_16b6be697acb,01190,
sum,218,0.004506570012,ds_cbdf3834368e,ds_16b6be697acb,01190,
sum,219,0.004351687282,ds_cbdf3834368e,ds_16b6be697acb,01190,
sum,220,0.004196804552,ds_cbdf3834368e,ds_16b6be697acb,01190,
sum,221,0.004046199207,ds_cbdf3834368e,ds_16b6be697acb,01190,
sum,222,0.003896145783,ds_cbdf3834368e,ds_16b6be697acb,01190,
sum,223,0.003750335249,ds_cbdf3834368e,ds_16b6be697acb,01190,
sum,224,0.00360538709,ds_cbdf3834368e,ds_16b6be697acb,01190,
sum,225,0.003465026772,ds_cbdf3834368e,ds_16b6be697acb,01190,
sum,226,0.003325597821,ds_cbdf3834368e,ds_16b6be697acb,01190,
sum,227,0.003190860194,ds_cbdf3834368e,ds_16b6be697acb,01190,
sum,228,0.003057467874,ds_cbdf3834368e,ds_16b6be697acb,01190,
sum,229,0.002928663395,ds_cbdf3834368e,ds_16b6be697acb,01190,
sum,230,0.002801411192,ds_cbdf3834368e,ds_16b6be697acb,01190,
sum,231,0.0026789538,ds_cbdf3834368e,ds_16b6be697acb,01190,
sum,232,0.00255801419,ds_cbdf3834368e,ds_16b6be697acb,01190,
sum,233,0.002441903885,ds_cbdf3834368e,ds_16b6be697acb,01190,
sum,234,0.002327621817,ds_cbdf3834368e,ds_16b6be697acb,01190,
sum,235,0.002217962085,ds_cbdf3834368e,ds_16b6be697acb,01190,
sum,236,0.002110234075,ds_cbdf3834368e,ds_16b6be697acb,01190,
sum,237,0.00200726638,ds_cbdf3834368e,ds_16b6be697acb,01190,
sum,238,0.001906126923,ds_cbdf3834368e,ds_16b6be697acb,01190,
sum,239,0.001809678791,ds_cbdf3834368e,ds_16b6be697acb,01190,
sum,240,0.001715265866,ds_cbdf3834368e,ds_16b6be697acb,01190,
sum,241,0.001625302802,ds_cbdf3834368e,ds_16b6be697acb,01190,
sum,242,0.00153740944,ds_cbdf3834368e,ds_16b6be697acb,01190,
sum,243,0.001454000433,ds_cbdf3834368e,ds_16b6be697acb,01190,
sum,244,0.001372488653,ds_cbdf3834368e,ds_16b6be697acb,01190,
sum,245,0.001295357744,ds_cbdf3834368e,ds_16b6be697acb,01190,
sum,246,0.001220262042,ds_cbdf3834368e,ds_16b6be697acb,01190,
sum,247,0.001149236754,ds_cbdf3834368e,ds_16b6be697acb,01190,
sum,248,0.001080212179,ds_cbdf3834368e,ds_16b6be697acb,01190,
sum,249,0.001015258019,ds_cbdf3834368e,ds_16b6be697acb,01190,
sum,250,0.0009520976003,ds_cbdf3834368e,ds_16b6be697acb,01190,
sum,251,0.0008928351215,ds_cbdf3834368e,ds_16b6be697acb,01190,
sum,252,0.0008354353748,ds_cbdf3834368e,ds_16b6be697acb,01190,
sum,253,0.0007816231124,ds_cbdf3834368e,ds_16b6be697acb,01190,
sum,254,0.000729604592,ds_cbdf3834368e,ds_16b6be697acb,01190,
sum,255,0.0006811045657,ds_cbdf3834368e,ds_16b6be697acb,01190,
sum,256,0.0006341568162,ds_cbdf3834368e,ds_16b6be697acb,01190,
sum,257,0.0005905550856,ds_cbdf3834368e,ds_16b6be697acb,01190,
sum,258,0.0005485401268,ds_cbdf3834368e,ds_16b6be697acb,01190,
sum,259,0.0005095262365,ds_cbdf3834368e,ds_16b6be697acb,01190,
sum,260,0.0004719956329,ds_cbdf3834368e,ds_16b6be697acb,01190,
sum,261,0.0004373971078,ds_cbdf3834368e,ds_16b6be697acb,01190,
sum,262,0.000404040404,ds_cbdf3834368e,ds_16b6be697acb,01190,
sum,263,0.0003734088085,ds_cbdf3834368e,ds_16b6be697acb,01190,
sum,264,0.0003440190344,ds_cbdf3834368e,ds_16b6be697acb,01190,
sum,265,0.000317043913,ds_cbdf3834368e,ds_16b6be697acb,01190,
sum,266,0.0002912071281,ds_cbdf3834368e,ds_16b6be697acb,01190,
sum,267,0.0002676815107,ds_cbdf3834368e,ds_16b6be697acb,01190,
sum,268,0.0002450527645,ds_cbdf3834368e,ds_16b6be697acb,01190,
sum,269,0.0002245627107,ds_cbdf3834368e,ds_16b6be697acb,01190,
sum,270,0.0002049695279,ds_cbdf3834368e,ds_16b6be697acb,01190,
sum,271,0.0001872045823,ds_cbdf3834368e,ds_16b6be697acb,01190,
sum,272,0.0001702330226,ds_cbdf3834368e,ds_16b6be697acb,01190,
sum,273,0.00015502071,ds_cbdf3834368e,ds_16b6be697acb,01190,
sum,274,0.000140394813,ds_cbdf3834368e,ds_16b6be697acb,01190,
sum,275,0.0001273556878,ds_cbdf3834368e,ds_16b6be697acb,01190,
sum,276,0.0001149029784,ds_cbdf3834368e,ds_16b6be697acb,01190,
sum,277,0.0001037955755,ds_cbdf3834368e,ds_16b6be697acb,01190,
sum,278,9.32055982e-05,ds_cbdf3834368e,ds_16b6be697acb,01190,
sum,279,8.389193739e-05,ds_cbdf3834368e,ds_16b6be697acb,01190,
sum,280,7.492322698e-05,ds_cbdf3834368e,ds_16b6be697acb,01190,
sum,281,6.709285289e-05,ds_cbdf3834368e,ds_16b6be697acb,01190,
sum,282,5.964192424e-05,ds_cbdf3834368e,ds_16b6be697acb,01190,
sum,283,5.312236167e-05,ds_cbdf3834368e,ds_16b6be697acb,01190,
sum,284,4.691325446e-05,ds_cbdf3834368e,ds_16b6be697acb,01190,
sum,285,4.160101829e-05,ds_cbdf3834368e,ds_16b6be697acb,01190,
sum,286,3.646125733e-05,ds_cbdf3834368e,ds_16b6be697acb,01190,
sum,287,3.211488228e-05,ds_cbdf3834368e,ds_16b6be697acb,01190,
sum,288,2.797547748e-05,ds_cbdf3834368e,ds_16b6be697acb,01190,
sum,289,2.445698339e-05,ds_cbdf3834368e,ds_16b6be697acb,01190,
sum,290,2.111096451e-05,ds_cbdf3834368e,ds_16b6be697acb,01190,
sum,291,1.83513613e-05,ds_cbdf3834368e,ds_16b6be697acb,01190,
sum,292,1.566074818e-05,ds_cbdf3834368e,ds_16b6be697acb,01190,
sum,293,1.348756066e-05,ds_cbdf3834368e,ds_16b6be697acb,01190,
sum,294,1.141785825e-05,ds_cbdf3834368e,ds_16b6be697acb,01190,
sum,295,9.727601293e-06,ds_cbdf3834368e,ds_16b6be697acb,01190,
sum,296,8.10633441e-06,ds_cbdf3834368e,ds_16b6be697acb,01190,
sum,297,6.864512969e-06,ds_cbdf3834368e,ds_16b6be697acb,01190,
sum,298,5.622691527e-06,ds_cbdf3834368e,ds_16b6be697acb,01190,
sum,299,4.691325446e-06,ds_cbdf3834368e,ds_16b6be697acb,01190,
sum,300,3.794454405e-06,ds_cbdf3834368e,ds_16b6be697acb,01190,
sum,301,3.104553604e-06,ds_cbdf3834368e,ds_16b6be697acb,01190,
sum,302,2.449147843e-06,ds_cbdf3834368e,ds_16b6be697acb,01190,
sum,303,2.000712323e-06,ds_cbdf3834368e,ds_16b6be697acb,01190,
sum,304,1.517781762e-06,ds_cbdf3834368e,ds_16b6be697acb,01190,
sum,305,1.207326402e-06,ds_cbdf3834368e,ds_16b6be697acb,01190,
sum,306,8.968710412e-07,ds_cbdf3834368e,ds_16b6be697acb,01190,
sum,307,6.899008009e-07,ds_cbdf3834368e,ds_16b6be697acb,01190,
sum,308,4.829305606e-07,ds_cbdf3834368e,ds_16b6be697acb,01190,
sum,309,3.794454405e-07,ds_cbdf3834368e,ds_16b6be697acb,01190,
sum,310,2.414652803e-07,ds_cbdf3834368e,ds_16b6be697acb,01190,
sum,311,1.724752002e-07,ds_cbdf3834368e,ds_16b6be697acb,01190,
sum,312,1.034851201e-07,ds_cbdf3834368e,ds_16b6be697acb,01190,
sum,313,6.899008009e-08,ds_cbdf3834368e,ds_16b6be697acb,01190,
sum,314,3.449504004e-08,ds_cbdf3834368e,ds_16b6be697acb,01190,
sum,315,3.449504004e-08,ds_cbdf3834368e,ds_16b6be697acb,01190,
min,1,0.1090909091,ds_cbdf3834368e,ds_16b6be697acb,01190,
min,2,0.09898989899,ds_cbdf3834368e,ds_16b6be697acb,01190,
min,3,0.08965122927,ds_cbdf3834368e,ds_16b6be697acb,01190,
min,4,0.08103091877,ds_cbdf3834368e,ds_16b6be697acb,01190,
min,5,0.07308671104,ds_cbdf3834368e,ds_16b6be697acb,01190,
min,6,0.06577803994,ds_cbdf3834368e,ds_16b6be697acb,01190,
min,7,0.05906599505,ds_cbdf3834368e,ds_16b6be697acb,01190,
min,8,0.05291328723,ds_cbdf3834368e,ds_16b6be697acb,01190,
min,9,0.04728421412,ds_cbdf3834368e,ds_16b6be697acb,01190,
min,10,0.04214462563,ds_cbdf3834368e,ds_16b6be697acb,01190,
min,11,0.03746188945,ds_cbdf3834368e,ds_16b6be697acb,01190,
min,12,0.03320485656,ds_cbdf3834368e,ds_16b6be697acb,01190,
min,13,0.02934382672,ds_cbdf3834368e,ds_16b6be697acb,01190,
min,14,0.02585051402,ds_cbdf3834368e,ds_16b6be697acb,01190,
min,15,0.02269801231,ds_cbdf3834368e,ds_16b6be697acb,01190,
min,16,0.01986076077,ds_cbdf3834368e,ds_16b6be697acb,01190,
min,17,0.01731450939,ds_cbdf3834368e,ds_16b6be697acb,01190,
min,18,0.01503628447,ds_cbdf3834368e,ds_16b6be697acb,01190,
min,19,0.01300435414,ds_cbdf3834368e,ds_16b6be697acb,01190,
min,20,0.01119819384,ds_cbdf3834368e,ds_16b6be697acb,01190,
min,21,0.009598451863,ds_cbdf3834368e,ds_16b6be697acb,01190,
min,22,0.008186914824,ds_cbdf3834368e,ds_16b6be697acb,01190,
min,23,0.006946473184,ds_cbdf3834368e,ds_16b6be697acb,01190,
min,24,0.005861086749,ds_cbdf3834368e,ds_16b6be697acb,01190,
min,25,0.004915750177,ds_cbdf3834368e,ds_16b6be697acb,01190,
min,26,0.00409645848,ds_cbdf3834368e,ds_16b6be697acb,01190,
min,27,0.003390172536,ds_cbdf3834368e,ds_16b6be697acb,01190,
min,28,0.002784784583,ds_cbdf3834368e,ds_16b6be697acb,01190,
min,29,0.002269083734,ds_cbdf3834368e,ds_16b6be697acb,01190,
min,30,0.001832721478,ds_cbdf3834368e,ds_16b6be697acb,01190,
min,31,0.001466177182,ds_cbdf3834368e,ds_16b6be697acb,01190,
min,32,0.001160723602,ds_cbdf3834368e,ds_16b6be697acb,01190,
min,33,0.0009083923845,ds_cbdf3834368e,ds_16b6be697acb,01190,
min,34,0.0007019395699,ds_cbdf3834368e,ds_16b6be697acb,01190,
min,35,0.0005348111008,ds_cbdf3834368e,ds_16b6be697acb,01190,
min,36,0.0004011083256,ds_cbdf3834368e,ds_16b6be697acb,01190,
min,37,0.0002955535031,ds_cbdf3834368e,ds_16b6be697acb,01190,
min,38,0.0002134553078,ds_cbdf3834368e,ds_16b6be697acb,01190,
min,39,0.0001506743349,ds_cbdf3834368e,ds_16b6be697acb,01190,
min,40,0.0001035886053,ds_cbdf3834368e,ds_16b6be697acb,01190,
min,41,6.905907017e-05,ds_cbdf3834368e,ds_16b6be697acb,01190,
min,42,4.439511654e-05,ds_cbdf3834368e,ds_16b6be697acb,01190,
min,43,2.732007172e-05,ds_cbdf3834368e,ds_16b6be697acb,01190,
min,44,1.59367085e-05,ds_cbdf3834368e,ds_16b6be697acb,01190,
min,45,8.692750091e-06,ds_cbdf3834368e,ds_16b6be697acb,01190,
min,46,4.346375046e-06,ds_cbdf3834368e,ds_16b6be697acb,01190,
min,47,1.931722242e-06,ds_cbdf3834368e,ds_16b6be697acb,01190,
min,48,7.243958409e-07,ds_cbdf3834368e,ds_16b6be697acb,01190,
min,49,2.069702403e-07,ds_cbdf3834368e,ds_16b6be697acb,01190,
min,50,3.449504004e-08,ds_cbdf3834368e,ds_16b6be697acb,01190,
max,6,3.449504004e-08,ds_cbdf3834368e,ds_16b6be697acb,01190,
max,7,2.069702403e-07,ds_cbdf3834368e,ds_16b6be697acb,01190,
max,8,7.243958409e-07,ds_cbdf3834368e,ds_16b6be697acb,01190,
max,9,1.931722242e-06,ds_cbdf3834368e,ds_16b6be697acb,01190,
max,10,4.346375046e-06,ds_cbdf3834368e,ds_16b6be697acb,01190,
max,11,8.692750091e-06,ds_cbdf3834368e,ds_16b6be697acb,01190,
max,12,1.59367085e-05,ds_cbdf3834368e,ds_16b6be697acb,01190,
max,13,2.732007172e-05,ds_cbdf3834368e,ds_16b6be697acb,01190,
max,14,4.439511654e-05,ds_cbdf3834368e,ds_16b6be697acb,01190,
max,15,6.905907017e-05,ds_cbdf3834368e,ds_16b6be697acb,01190,
max,16,0.0001035886053,ds_cbdf3834368e,ds_16b6be697acb,01190,
max,17,0.0001506743349,ds_cbdf3834368e,ds_16b6be697acb,01190,
max,18,0.0002134553078,ds_cbdf3834368e,ds_16b6be697acb,01190,
max,19,0.0002955535031,ds_cbdf3834368e,ds_16b6be697acb,01190,
max,20,0.0004011083256,ds_cbdf3834368e,ds_16b6be697acb,01190,
max,21,0.0005348111008,ds_cbdf3834368e,ds_16b6be697acb,01190,
max,22,0.0007019395699,ds_cbdf3834368e,ds_16b6be697acb,01190,
max,23,0.0009083923845,ds_cbdf3834368e,ds_16b6be697acb,01190,
max,24,0.001160723602,ds_cbdf3834368e,ds_16b6be697acb,01190,
max,25,0.001466177182,ds_cbdf3834368e,ds_16b6be697acb,01190,
max,26,0.001832721478,ds_cbdf3834368e,ds_16b6be697acb,01190,
max,27,0.002269083734,ds_cbdf3834368e,ds_16b6be697acb,01190,
max,28,0.002784784583,ds_cbdf3834368e,ds_16b6be697acb,01190,
max,29,0.003390172536,ds_cbdf3834368e,ds_16b6be697acb,01190,
max,30,0.00409645848,ds_cbdf3834368e,ds_16b6be697acb,01190,
max,31,0.004915750177,ds_cbdf3834368e,ds_16b6be697acb,01190,
max,32,0.005861086749,ds_cbdf3834368e,ds_16b6be697acb,01190,
max,33,0.006946473184,ds_cbdf3834368e,ds_16b6be697acb,01190,
max,34,0.008186914824,ds_cbdf3834368e,ds_16b6be697acb,01190,
max,35,0.009598451863,ds_cbdf3834368e,ds_16b6be697acb,01190,
max,36,0.01119819384,ds_cbdf3834368e,ds_16b6be697acb,01190,
max,37,0.01300435414,ds_cbdf3834368e,ds_16b6be697acb,01190,
max,38,0.01503628447,ds_cbdf3834368e,ds_16b6be697acb,01190,
max,39,0.01731450939,ds_cbdf3834368e,ds_16b6be697acb,01190,
max,40,0.01986076077,ds_cbdf3834368e,ds_16b6be697acb,01190,
max,41,0.02269801231,ds_cbdf3834368e,ds_16b6be697acb,01190,
max,42,0.02585051402,ds_cbdf3834368e,ds_16b6be697acb,01190,
max,43,0.02934382672,ds_cbdf3834368e,ds_16b6be697acb,01190,
max,44,0.03320485656,ds_cbdf3834368e,ds_16b6be697acb,01190,
max,45,0.03746188945,ds_cbdf3834368e,ds_16b6be697acb,01190,
max,46,0.04214462563,ds_cbdf3834368e,ds_16b6be697acb,01190,
max,47,0.04728421412,ds_cbdf3834368e,ds_16b6be697acb,01190,
max,48,0.05291328723,ds_cbdf3834368e,ds_16b6be697acb,01190,
max,49,0.05906599505,ds_cbdf3834368e,ds_16b6be697acb,01190,
max,50,0.06577803994,ds_cbdf3834368e,ds_16b6be697acb,01190,
max,51,0.07308671104,ds_cbdf3834368e,ds_16b6be697acb,01190,
max,52,0.08103091877,ds_cbdf3834368e,ds_16b6be697acb,01190,
max,53,0.08965122927,ds_cbdf3834368e,ds_16b6be697acb,01190,
max,54,0.09898989899,ds_cbdf3834368e,ds_16b6be697acb,01190,
max,55,0.1090909091,ds_cbdf3834368e,ds_16b6be697acb,01190,
range,5,1.724752002e-06,ds_cbdf3834368e,ds_16b6be697acb,01190,
range,6,8.451284811e-06,ds_cbdf3834368e,ds_16b6be697acb,01190,
range,7,2.483642883e-05,ds_cbdf3834368e,ds_16b6be697acb,01190,
range,8,5.674434087e-05,ds_cbdf3834368e,ds_16b6be697acb,01190,
range,9,0.0001110740289,ds_cbdf3834368e,ds_16b6be697acb,01190,
range,10,0.0001955868771,ds_cbdf3834368e,ds_16b6be697acb,01190,
range,11,0.00031873417,ds_cbdf3834368e,ds_16b6be697acb,01190,
range,12,0.0004894846182,ds_cbdf3834368e,ds_16b6be697acb,01190,
range,13,0.0007171518825,ds_cbdf3834368e,ds_16b6be697acb,01190,
range,14,0.001011222099,ds_cbdf3834368e,ds_16b6be697acb,01190,
range,15,0.001381181403,ds_cbdf3834368e,ds_16b6be697acb,01190,
range,16,0.001836343457,ds_cbdf3834368e,ds_16b6be697acb,01190,
range,17,0.002385676969,ds_cbdf3834368e,ds_16b6be697acb,01190,
range,18,0.003037633226,ds_cbdf3834368e,ds_16b6be697acb,01190,
range,19,0.003799973611,ds_cbdf3834368e,ds_16b6be697acb,01190,
range,20,0.004679597132,ds_cbdf3834368e,ds_16b6be697acb,01190,
range,21,0.005682367947,ds_cbdf3834368e,ds_16b6be697acb,01190,
range,22,0.006812942884,ds_cbdf3834368e,ds_16b6be697acb,01190,
range,23,0.008074598974,ds_cbdf3834368e,ds_16b6be697acb,01190,
range,24,0.009469060967,ds_cbdf3834368e,ds_16b6be697acb,01190,
range,25,0.01099632887,ds_cbdf3834368e,ds_16b6be697acb,01190,
range,26,0.01265450544,ds_cbdf3834368e,ds_16b6be697acb,01190,
range,27,0.01443962376,ds_cbdf3834368e,ds_16b6be697acb,01190,
range,28,0.01634547473,ds_cbdf3834368e,ds_16b6be697acb,01190,
range,29,0.01836343457,ds_cbdf3834368e,ds_16b6be697acb,01190,
range,30,0.0204822924,ds_cbdf3834368e,ds_16b6be697acb,01190,
range,31,0.02268807774,ds_cbdf3834368e,ds_16b6be697acb,01190,
range,32,0.024963888,ds_cbdf3834368e,ds_16b6be697acb,01190,
range,33,0.02728971608,ds_cbdf3834368e,ds_16b6be697acb,01190,
range,34,0.02964227781,ds_cbdf3834368e,ds_16b6be697acb,01190,
range,35,0.03199483954,ds_cbdf3834368e,ds_16b6be697acb,01190,
range,36,0.03431704564,ds_cbdf3834368e,ds_16b6be697acb,01190,
range,37,0.03657474601,ds_cbdf3834368e,ds_16b6be697acb,01190,
range,38,0.03872982364,ds_cbdf3834368e,ds_16b6be697acb,01190,
range,39,0.04074002209,ds_cbdf3834368e,ds_16b6be697acb,01190,
range,40,0.04255877308,ds_cbdf3834368e,ds_16b6be697acb,01190,
range,41,0.04413502394,ds_cbdf3834368e,ds_16b6be697acb,01190,
range,42,0.04541306517,ds_cbdf3834368e,ds_16b6be697acb,01190,
range,43,0.04633235799,ds_cbdf3834368e,ds_16b6be697acb,01190,
range,44,0.04682736181,ds_cbdf3834368e,ds_16b6be697acb,01190,
range,45,0.04682736181,ds_cbdf3834368e,ds_16b6be697acb,01190,
range,46,0.04625629642,ds_cbdf3834368e,ds_16b6be697acb,01190,
range,47,0.04503258488,ds_cbdf3834368e,ds_16b6be697acb,01190,
range,48,0.04306895472,ds_cbdf3834368e,ds_16b6be697acb,01190,
range,49,0.04027226935,ds_cbdf3834368e,ds_16b6be697acb,01190,
range,50,0.03654335552,ds_cbdf3834368e,ds_16b6be697acb,01190,
range,51,0.03177683089,ds_cbdf3834368e,ds_16b6be697acb,01190,
range,52,0.02586093152,ds_cbdf3834368e,ds_16b6be697acb,01190,
range,53,0.01867733943,ds_cbdf3834368e,ds_16b6be697acb,01190,
range,54,0.0101010101,ds_cbdf3834368e,ds_16b6be697acb,01190,
odd_count,0,0.0102108768,ds_cbdf3834368e,ds_16b6be697acb,01190,
odd_count,1,0.07797396832,ds_cbdf3834368e,ds_16b6be697acb,01190,
odd_count,2,0.2288366462,ds_cbdf3834368e,ds_16b6be697acb,01190,
odd_count,3,0.3305418222,ds_cbdf3834368e,ds_16b6be697acb,01190,
odd_count,4,0.2479063667,ds_cbdf3834368e,ds_16b6be697acb,01190,
odd_count,5,0.09153465846,ds_cbdf3834368e,ds_16b6be697acb,01190,
odd_count,6,0.01299566139,ds_cbdf3834368e,ds_16b6be697acb,01190,
low_count,0,0.01299566139,ds_cbdf3834368e,ds_16b6be697acb,01190,
low_count,1,0.09153465846,ds_cbdf3834368e,ds_16b6be697acb,01190,
low_count,2,0.2479063667,ds_cbdf3834368e,ds_16b6be697acb,01190,
low_count,3,0.3305418222,ds_cbdf3834368e,ds_16b6be697acb,01190,
low_count,4,0.2288366462,ds_cbdf3834368e,ds_16b6be697acb,01190,
low_count,5,0.07797396832,ds_cbdf3834368e,ds_16b6be697acb,01190,
low_count,6,0.0102108768,ds_cbdf3834368e,ds_16b6be697acb,01190,
consecutive_pairs,0,0.5481503328,ds_cbdf3834368e,ds_16b6be697acb,01190,
consecutive_pairs,1,0.3654335552,ds_cbdf3834368e,ds_16b6be697acb,01190,
consecutive_pairs,2,0.07944207722,ds_cbdf3834368e,ds_16b6be697acb,01190,
consecutive_pairs,3,0.006761027849,ds_cbdf3834368e,ds_16b6be697acb,01190,
consecutive_pairs,4,0.0002112821203,ds_cbdf3834368e,ds_16b6be697acb,01190,
consecutive_pairs,5,1.724752002e-06,ds_cbdf3834368e,ds_16b6be697acb,01190,
gap,1,0.1090909091,ds_cbdf3834368e,ds_16b6be697acb,01190,
gap,2,0.09898989899,ds_cbdf3834368e,ds_16b6be697acb,01190,
gap,3,0.08965122927,ds_cbdf3834368e,ds_16b6be697acb,01190,
gap,4,0.08103091877,ds_cbdf3834368e,ds_16b6be697acb,01190,
gap,5,0.07308671104,ds_cbdf3834368e,ds_16b6be697acb,01190,
gap,6,0.06577803994,ds_cbdf3834368e,ds_16b6be697acb,01190,
gap,7,0.05906599505,ds_cbdf3834368e,ds_16b6be697acb,01190,
gap,8,0.05291328723,ds_cbdf3834368e,ds_16b6be697acb,01190,
gap,9,0.04728421412,ds_cbdf3834368e,ds_16b6be697acb,01190,
gap,10,0.04214462563,ds_cbdf3834368e,ds_16b6be697acb,01190,
gap,11,0.03746188945,ds_cbdf3834368e,ds_16b6be697acb,01190,
gap,12,0.03320485656,ds_cbdf3834368e,ds_16b6be697acb,01190,
gap,13,0.02934382672,ds_cbdf3834368e,ds_16b6be697acb,01190,
gap,14,0.02585051402,ds_cbdf3834368e,ds_16b6be697acb,01190,
gap,15,0.02269801231,ds_cbdf3834368e,ds_16b6be697acb,01190,
gap,16,0.01986076077,ds_cbdf3834368e,ds_16b6be697acb,01190,
gap,17,0.01731450939,ds_cbdf3834368e,ds_16b6be697acb,01190,
gap,18,0.01503628447,ds_cbdf3834368e,ds_16b6be697acb,01190,
gap,19,0.01300435414,ds_cbdf3834368e,ds_16b6be697acb,01190,
gap,20,0.01119819384,ds_cbdf3834368e,ds_16b6be697acb,01190,
gap,21,0.009598451863,ds_cbdf3834368e,ds_16b6be697acb,01190,
gap,22,0.008186914824,ds_cbdf3834368e,ds_16b6be697acb,01190,
gap,23,0.006946473184,ds_cbdf3834368e,ds_16b6be697acb,01190,
gap,24,0.005861086749,ds_cbdf3834368e,ds_16b6be697acb,01190,
gap,25,0.004915750177,ds_cbdf3834368e,ds_16b6be697acb,01190,
gap,26,0.00409645848,ds_cbdf3834368e,ds_16b6be697acb,01190,
gap,27,0.003390172536,ds_cbdf3834368e,ds_16b6be697acb,01190,
gap,28,0.002784784583,ds_cbdf3834368e,ds_16b6be697acb,01190,
gap,29,0.002269083734,ds_cbdf3834368e,ds_16b6be697acb,01190,
gap,30,0.001832721478,ds_cbdf3834368e,ds_16b6be697acb,01190,
gap,31,0.001466177182,ds_cbdf3834368e,ds_16b6be697acb,01190,
gap,32,0.001160723602,ds_cbdf3834368e,ds_16b6be697acb,01190,
gap,33,0.0009083923845,ds_cbdf3834368e,ds_16b6be697acb,01190,
gap,34,0.0007019395699,ds_cbdf3834368e,ds_16b6be697acb,01190,
gap,35,0.0005348111008,ds_cbdf3834368e,ds_16b6be697acb,01190,
gap,36,0.0004011083256,ds_cbdf3834368e,ds_16b6be697acb,01190,
gap,37,0.0002955535031,ds_cbdf3834368e,ds_16b6be697acb,01190,
gap,38,0.0002134553078,ds_cbdf3834368e,ds_16b6be697acb,01190,
gap,39,0.0001506743349,ds_cbdf3834368e,ds_16b6be697acb,01190,
gap,40,0.0001035886053,ds_cbdf3834368e,ds_16b6be697acb,01190,
gap,41,6.905907017e-05,ds_cbdf3834368e,ds_16b6be697acb,01190,
gap,42,4.439511654e-05,ds_cbdf3834368e,ds_16b6be697acb,01190,
gap,43,2.732007172e-05,ds_cbdf3834368e,ds_16b6be697acb,01190,
gap,44,1.59367085e-05,ds_cbdf3834368e,ds_16b6be697acb,01190,
gap,45,8.692750091e-06,ds_cbdf3834368e,ds_16b6be697acb,01190,
gap,46,4.346375046e-06,ds_cbdf3834368e,ds_16b6be697acb,01190,
gap,47,1.931722242e-06,ds_cbdf3834368e,ds_16b6be697acb,01190,
gap,48,7.243958409e-07,ds_cbdf3834368e,ds_16b6be697acb,01190,
gap,49,2.069702403e-07,ds_cbdf3834368e,ds_16b6be697acb,01190,
gap,50,3.449504004e-08,ds_cbdf3834368e,ds_16b6be697acb,01190,
max_gap,1,1.724752002e-06,ds_cbdf3834368e,ds_16b6be697acb,01190,
max_gap,2,5.070770887e-05,ds_cbdf3834368e,ds_16b6be697acb,01190,
max_gap,3,0.000324770802,ds_cbdf3834368e,ds_16b6be697acb,01190,
max_gap,4,0.00112402088,ds_cbdf3834368e,ds_16b6be697acb,01190,
max_gap,5,0.002810655863,ds_cbdf3834368e,ds_16b6be697acb,01190,
max_gap,6,0.005746873671,ds_cbdf3834368e,ds_16b6be697acb,01190,
max_gap,7,0.01023278115,ds_cbdf3834368e,ds_16b6be697acb,01190,
max_gap,8,0.01644430301,ds_cbdf3834368e,ds_16b6be697acb,01190,
max_gap,9,0.02437109074,ds_cbdf3834368e,ds_16b6be697acb,01190,
max_gap,10,0.03375443153,ds_cbdf3834368e,ds_16b6be697acb,01190,
max_gap,11,0.04402515723,ds_cbdf3834368e,ds_16b6be697acb,01190,
max_gap,12,0.0542487972,ds_cbdf3834368e,ds_16b6be697acb,01190,
max_gap,13,0.06319267118,ds_cbdf3834368e,ds_16b6be697acb,01190,
max_gap,14,0.06967342683,ds_cbdf3834368e,ds_16b6be697acb,01190,
max_gap,15,0.07299150473,ds_cbdf3834368e,ds_16b6be697acb,01190,
max_gap,16,0.07310482094,ds_cbdf3834368e,ds_16b6be697acb,01190,
max_gap,17,0.07047164206,ds_cbdf3834368e,ds_16b6be697acb,01190,
max_gap,18,0.06582222809,ds_cbdf3834368e,ds_16b6be697acb,01190,
max_gap,19,0.05993168257,ds_cbdf3834368e,ds_16b6be697acb,01190,
max_gap,20,0.0534483398,ds_cbdf3834368e,ds_16b6be697acb,01190,
max_gap,21,0.04685771745,ds_cbdf3834368e,ds_16b6be697acb,01190,
max_gap,22,0.04050200632,ds_cbdf3834368e,ds_16b6be697acb,01190,
max_gap,23,0.03460197467,ds_cbdf3834368e,ds_16b6be697acb,01190,
max_gap,24,0.02927887256,ds_cbdf3834368e,ds_16b6be697acb,01190,
max_gap,25,0.02457633623,ds_cbdf3834368e,ds_16b6be697acb,01190,
max_gap,26,0.0204822924,ds_cbdf3834368e,ds_16b6be697acb,01190,
max_gap,27,0.01695086268,ds_cbdf3834368e,ds_16b6be697acb,01190,
max_gap,28,0.01392392291,ds_cbdf3834368e,ds_16b6be697acb,01190,
max_gap,29,0.01134541867,ds_cbdf3834368e,ds_16b6be697acb,01190,
max_gap,30,0.009163607388,ds_cbdf3834368e,ds_16b6be697acb,01190,
max_gap,31,0.00733088591,ds_cbdf3834368e,ds_16b6be697acb,01190,
max_gap,32,0.005803618012,ds_cbdf3834368e,ds_16b6be697acb,01190,
max_gap,33,0.004541961923,ds_cbdf3834368e,ds_16b6be697acb,01190,
max_gap,34,0.003509697849,ds_cbdf3834368e,ds_16b6be697acb,01190,
max_gap,35,0.002674055504,ds_cbdf3834368e,ds_16b6be697acb,01190,
max_gap,36,0.002005541628,ds_cbdf3834368e,ds_16b6be697acb,01190,
max_gap,37,0.001477767516,ds_cbdf3834368e,ds_16b6be697acb,01190,
max_gap,38,0.001067276539,ds_cbdf3834368e,ds_16b6be697acb,01190,
max_gap,39,0.0007533716746,ds_cbdf3834368e,ds_16b6be697acb,01190,
max_gap,40,0.0005179430263,ds_cbdf3834368e,ds_16b6be697acb,01190,
max_gap,41,0.0003452953508,ds_cbdf3834368e,ds_16b6be697acb,01190,
max_gap,42,0.0002219755827,ds_cbdf3834368e,ds_16b6be697acb,01190,
max_gap,43,0.0001366003586,ds_cbdf3834368e,ds_16b6be697acb,01190,
max_gap,44,7.96835425e-05,ds_cbdf3834368e,ds_16b6be697acb,01190,
max_gap,45,4.346375046e-05,ds_cbdf3834368e,ds_16b6be697acb,01190,
max_gap,46,2.173187523e-05,ds_cbdf3834368e,ds_16b6be697acb,01190,
max_gap,47,9.658611212e-06,ds_cbdf3834368e,ds_16b6be697acb,01190,
max_gap,48,3.621979205e-06,ds_cbdf3834368e,ds_16b6be697acb,01190,
max_gap,49,1.034851201e-06,ds_cbdf3834368e,ds_16b6be697acb,01190,
max_gap,50,1.724752002e-07,ds_cbdf3834368e,ds_16b6be697acb,01190,
min_gap,1,0.4518496672,ds_cbdf3834368e,ds_16b6be697acb,01190,
min_gap,2,0.267186162,ds_cbdf3834368e,ds_16b6be697acb,01190,
min_gap,3,0.1485590991,ds_cbdf3834368e,ds_16b6be697acb,01190,
min_gap,4,0.07641410261,ds_cbdf3834368e,ds_16b6be697acb,01190,
min_gap,5,0.0355086768,ds_cbdf3834368e,ds_16b6be697acb,01190,
min_gap,6,0.01437322081,ds_cbdf3834368e,ds_16b6be697acb,01190,
min_gap,7,0.00477204384,ds_cbdf3834368e,ds_16b6be697acb,01190,
min_gap,8,0.001164380077,ds_cbdf3834368e,ds_16b6be697acb,01190,
min_gap,9,0.000165403717,ds_cbdf3834368e,ds_16b6be697acb,01190,
min_gap,10,7.243958409e-06,ds_cbdf3834368e,ds_16b6be697acb,01190,
