window_end_draw_id,max_z,min_z,mc_max_z_q975,mc_min_z_q025,source_dataset_version,analysis_version,through_draw,override_ref
00200,1.855768722,-1.546473935,3.67029814,-2.907370998,ds_cbdf3834368e,ds_16b6be697acb,01190,
00201,1.855768722,-1.546473935,3.67029814,-2.907370998,ds_cbdf3834368e,ds_16b6be697acb,01190,
00202,1.855768722,-1.546473935,3.67029814,-2.907370998,ds_cbdf3834368e,ds_16b6be697acb,01190,
00203,1.855768722,-1.546473935,3.67029814,-2.907370998,ds_cbdf3834368e,ds_16b6be697acb,01190,
00204,1.628952545,-1.773290113,3.67029814,-2.907370998,ds_cbdf3834368e,ds_16b6be697acb,01190,
00205,1.628952545,-2.00010629,3.67029814,-2.907370998,ds_cbdf3834368e,ds_16b6be697acb,01190,
00206,1.628952545,-2.00010629,3.67029814,-2.907370998,ds_cbdf3834368e,ds_16b6be697acb,01190,
00207,1.855768722,-2.226922467,3.67029814,-2.907370998,ds_cbdf3834368e,ds_16b6be697acb,01190,
00208,2.0825849,-2.226922467,3.67029814,-2.907370998,ds_cbdf3834368e,ds_16b6be697acb,01190,
00209,2.0825849,-2.226922467,3.67029814,-2.907370998,ds_cbdf3834368e,ds_16b6be697acb,01190,
00210,2.309401077,-2.226922467,3.67029814,-2.907370998,ds_cbdf3834368e,ds_16b6be697acb,01190,
00211,2.536217254,-2.226922467,3.67029814,-2.907370998,ds_cbdf3834368e,ds_16b6be697acb,01190,
00212,2.536217254,-2.226922467,3.67029814,-2.907370998,ds_cbdf3834368e,ds_16b6be697acb,01190,
00213,2.309401077,-2.226922467,3.67029814,-2.907370998,ds_cbdf3834368e,ds_16b6be697acb,01190,
00214,2.309401077,-2.226922467,3.67029814,-2.907370998,ds_cbdf3834368e,ds_16b6be697acb,01190,
00215,2.309401077,-2.453738644,3.67029814,-2.907370998,ds_cbdf3834368e,ds_16b6be697acb,01190,
00216,2.309401077,-2.453738644,3.67029814,-2.907370998,ds_cbdf3834368e,ds_16b6be697acb,01190,
00217,2.309401077,-2.453738644,3.67029814,-2.907370998,ds_cbdf3834368e,ds_16b6be697acb,01190,
00218,2.309401077,-2.453738644,3.67029814,-2.907370998,ds_cbdf3834368e,ds_16b6be697acb,01190,
00219,2.309401077,-2.453738644,3.67029814,-2.907370998,ds_cbdf3834368e,ds_16b6be697acb,01190,
00220,2.309401077,-2.453738644,3.67029814,-2.907370998,ds_cbdf3834368e,ds_16b6be697acb,01190,
00221,2.309401077,-2.453738644,3.67029814,-2.907370998,ds_cbdf3834368e,ds_16b6be697acb,01190,
00222,2.309401077,-2.226922467,3.67029814,-2.907370998,ds_cbdf3834368e,ds_16b6be697acb,01190,
00223,2.536217254,-2.226922467,3.67029814,-2.907370998,ds_cbdf3834368e,ds_16b6be697acb,01190,
00224,2.536217254,-2.226922467,3.67029814,-2.907370998,ds_cbdf3834368e,ds_16b6be697acb,01190,
00225,2.309401077,-2.226922467,3.67029814,-2.907370998,ds_cbdf3834368e,ds_16b6be697acb,01190,
00226,2.309401077,-2.226922467,3.67029814,-2.907370998,ds_cbdf3834368e,ds_16b6be697acb,01190,
00227,2.309401077,-2.226922467,3.67029814,-2.907370998,ds_cbdf3834368e,ds_16b6be697acb,01190,
00228,2.309401077,-2.226922467,3.67029814,-2.907370998,ds_cbdf3834368e,ds_16b6be697acb,01190,
00229,2.309401077,-2.453738644,3.67029814,-2.907370998,ds_cbdf3834368e,ds_16b6be697acb,01190,
00230,2.0825849,-2.453738644,3.67029814,-2.907370998,ds_cbdf3834368e,ds_16b6be697acb,01190,
00231,2.0825849,-2.453738644,3.67029814,-2.907370998,ds_cbdf3834368e,ds_16b6be697acb,01190,
00232,2.309401077,-2.453738644,3.67029814,-2.907370998,ds_cbdf3834368e,ds_16b6be697acb,01190,
00233,2.0825849,-2.453738644,3.67029814,-2.907370998,ds_cbdf3834368e,ds_16b6be697acb,01190,
00234,2.0825849,-2.453738644,3.67029814,-2.907370998,ds_cbdf3834368e,ds_16b6be697acb,01190,
00235,2.0825849,-2.226922467,3.67029814,-2.907370998,ds_cbdf3834368e,ds_16b6be697acb,01190,
00236,2.0825849,-2.226922467,3.67029814,-2.907370998,ds_cbdf3834368e,ds_16b6be697acb,01190,
00237,2.0825849,-2.226922467,3.67029814,-2.907370998,ds_cbdf3834368e,ds_16b6be697acb,01190,
00238,2.0825849,-2.226922467,3.67029814,-2.907370998,ds_cbdf3834368e,ds_16b6be697acb,01190,
00239,2.0825849,-2.226922467,3.67029814,-2.907370998,ds_cbdf3834368e,ds_16b6be697acb,01190,
00240,2.0825849,-2.226922467,3.67029814,-2.907370998,ds_cbdf3834368e,ds_16b6be697acb,01190,
00241,2.0825849,-2.226922467,3.67029814,-2.907370998,ds_cbdf3834368e,ds_16b6be697acb,01190,
00242,2.0825849,-2.226922467,3.67029814,-2.907370998,ds_cbdf3834368e,ds_16b6be697acb,01190,
00243,2.0825849,-2.453738644,3.67029814,-2.907370998,ds_cbdf3834368e,ds_16b6be697acb,01190,
00244,2.0825849,-2.226922467,3.67029814,-2.907370998,ds_cbdf3834368e,ds_16b6be697acb,01190,
00245,2.0825849,-2.226922467,3.67029814,-2.907370998,ds_cbdf3834368e,ds_16b6be697acb,01190,
00246,1.855768722,-2.00010629,3.67029814,-2.907370998,ds_cbdf3834368e,ds_16b6be697acb,01190,
00247,2.0825849,-2.00010629,3.67029814,-2.907370998,ds_cbdf3834368e,ds_16b6be697acb,01190,
00248,2.0825849,-2.00010629,3.67029814,-2.907370998,ds_cbdf3834368e,ds_16b6be697acb,01190,
00249,2.0825849,-2.00010629,3.67029814,-2.907370998,ds_cbdf3834368e,ds_16b6be697acb,01190,
00250,1.855768722,-2.00010629,3.67029814,-2.907370998,ds_cbdf3834368e,ds_16b6be697acb,01190,
00251,2.0825849,-2.00010629,3.67029814,-2.907370998,ds_cbdf3834368e,ds_16b6be697acb,01190,
00252,1.855768722,-2.226922467,3.67029814,-2.907370998,ds_cbdf3834368e,ds_16b6be697acb,01190,
00253,1.855768722,-2.226922467,3.67029814,-2.907370998,ds_cbdf3834368e,ds_16b6be697acb,01190,
00254,1.855768722,-2.226922467,3.67029814,-2.907370998,ds_cbdf3834368e,ds_16b6be697acb,01190,
00255,1.855768722,-2.226922467,3.67029814,-2.907370998,ds_cbdf3834368e,ds_16b6be697acb,01190,
00256,1.855768722,-2.226922467,3.67029814,-2.907370998,ds_cbdf3834368e,ds_16b6be697acb,01190,
00257,1.855768722,-2.00010629,3.67029814,-2.907370998,ds_cbdf3834368e,ds_16b6be697acb,01190,
00258,2.0825849,-2.00010629,3.67029814,-2.907370998,ds_cbdf3834368e,ds_16b6be697acb,01190,
00259,2.309401077,-2.00010629,3.67029814,-2.907370998,ds_cbdf3834368e,ds_16b6be697acb,01190,
00260,2.309401077,-2.00010629,3.67029814,-2.907370998,ds_cbdf3834368e,ds_16b6be697acb,01190,
00261,2.0825849,-2.00010629,3.67029814,-2.907370998,ds_cbdf3834368e,ds_16b6be697acb,01190,
00262,2.0825849,-2.00010629,3.67029814,-2.907370998,ds_cbdf3834368e,ds_16b6be697acb,01190,
00263,2.0825849,-1.773290113,3.67029814,-2.907370998,ds_cbdf3834368e,ds_16b6be697acb,01190,
00264,2.0825849,-1.773290113,3.67029814,-2.907370998,ds_cbdf3834368e,ds_16b6be697acb,01190,
00265,2.0825849,-1.773290113,3.67029814,-2.907370998,ds_cbdf3834368e,ds_16b6be697acb,01190,
00266,2.0825849,-1.773290113,3.67029814,-2.907370998,ds_cbdf3834368e,ds_16b6be697acb,01190,
00267,2.0825849,-1.773290113,3.67029814,-2.907370998,ds_cbdf3834368e,ds_16b6be697acb,01190,
00268,2.0825849,-1.773290113,3.67029814,-2.907370998,ds_cbdf3834368e,ds_16b6be697acb,01190,
00269,2.0825849,-1.773290113,3.67029814,-2.907370998,ds_cbdf3834368e,ds_16b6be697acb,01190,
00270,2.0825849,-1.773290113,3.67029814,-2.907370998,ds_cbdf3834368e,ds_16b6be697acb,01190,
00271,2.0825849,-2.00010629,3.67029814,-2.907370998,ds_cbdf3834368e,ds_16b6be697acb,01190,
00272,2.0825849,-2.00010629,3.67029814,-2.907370998,ds_cbdf3834368e,ds_16b6be697acb,01190,
00273,2.0825849,-2.00010629,3.67029814,-2.907370998,ds_cbdf3834368e,ds_16b6be697acb,01190,
00274,2.309401077,-2.00010629,3.67029814,-2.907370998,ds_cbdf3834368e,ds_16b6be697acb,01190,
00275,2.536217254,-2.00010629,3.67029814,-2.907370998,ds_cbdf3834368e,ds_16b6be697acb,01190,
00276,2.309401077,-2.00010629,3.67029814,-2.907370998,ds_cbdf3834368e,ds_16b6be697acb,01190,
00277,2.309401077,-2.00010629,3.67029814,-2.907370998,ds_cbdf3834368e,ds_16b6be697acb,01190,
00278,2.309401077,-2.00010629,3.67029814,-2.907370998,ds_cbdf3834368e,ds_16b6be697acb,01190,
00279,2.309401077,-2.00010629,3.67029814,-2.907370998,ds_cbdf3834368e,ds_16b6be697acb,01190,
00280,2.309401077,-2.00010629,3.67029814,-2.907370998,ds_cbdf3834368e,ds_16b6be697acb,01190,
00281,2.309401077,-2.00010629,3.67029814,-2.907370998,ds_cbdf3834368e,ds_16b6be697acb,01190,
00282,2.309401077,-2.00010629,3.67029814,-2.907370998,ds_cbdf3834368e,ds_16b6be697acb,01190,
00283,2.309401077,-1.773290113,3.67029814,-2.907370998,ds_cbdf3834368e,ds_16b6be697acb,01190,
00284,2.309401077,-2.00010629,3.67029814,-2.907370998,ds_cbdf3834368e,ds_16b6be697acb,01190,
00285,2.309401077,-2.00010629,3.67029814,-2.907370998,ds_cbdf3834368e,ds_16b6be697acb,01190,
00286,2.309401077,-2.00010629,3.67029814,-2.907370998,ds_cbdf3834368e,ds_16b6be697acb,01190,
00287,2.309401077,-2.00010629,3.67029814,-2.907370998,ds_cbdf3834368e,ds_16b6be697acb,01190,
00288,2.309401077,-2.00010629,3.67029814,-2.907370998,ds_cbdf3834368e,ds_16b6be697acb,01190,
00289,2.309401077,-2.00010629,3.67029814,-2.907370998,ds_cbdf3834368e,ds_16b6be697acb,01190,
00290,2.309401077,-2.00010629,3.67029814,-2.907370998,ds_cbdf3834368e,ds_16b6be697acb,01190,
00291,2.309401077,-2.00010629,3.67029814,-2.907370998,ds_cbdf3834368e,ds_16b6be697acb,01190,
00292,2.309401077,-2.226922467,3.67029814,-2.907370998,ds_cbdf3834368e,ds_16b6be697acb,01190,
00293,2.309401077,-2.226922467,3.67029814,-2.907370998,ds_cbdf3834368e,ds_16b6be697acb,01190,
00294,2.309401077,-2.226922467,3.67029814,-2.907370998,ds_cbdf3834368e,ds_16b6be697acb,01190,
00295,2.309401077,-2.226922467,3.67029814,-2.907370998,ds_cbdf3834368e,ds_16b6be697acb,01190,
00296,2.536217254,-2.226922467,3.67029814,-2.907370998,ds_cbdf3834368e,ds_16b6be697acb,01190,
00297,2.536217254,-2.226922467,3.67029814,-2.907370998,ds_cbdf3834368e,ds_16b6be697acb,01190,
00298,2.309401077,-2.226922467,3.67029814,-2.907370998,ds_cbdf3834368e,ds_16b6be697acb,01190,
00299,2.309401077,-2.226922467,3.67029814,-2.907370998,ds_cbdf3834368e,ds_16b6be697acb,01190,
00300,2.309401077,-2.00010629,3.67029814,-2.907370998,ds_cbdf3834368e,ds_16b6be697acb,01190,
00301,2.309401077,-2.00010629,3.67029814,-2.907370998,ds_cbdf3834368e,ds_16b6be697acb,01190,
00302,2.309401077,-2.00010629,3.67029814,-2.907370998,ds_cbdf3834368e,ds_16b6be697acb,01190,
00303,2.309401077,-1.773290113,3.67029814,-2.907370998,ds_cbdf3834368e,ds_16b6be697acb,01190,
00304,2.0825849,-2.00010629,3.67029814,-2.907370998,ds_cbdf3834368e,ds_16b6be697acb,01190,
00305,2.0825849,-2.00010629,3.67029814,-2.907370998,ds_cbdf3834368e,ds_16b6be697acb,01190,
00306,2.0825849,-2.226922467,3.67029814,-2.907370998,ds_cbdf3834368e,ds_16b6be697acb,01190,
00307,2.0825849,-2.226922467,3.67029814,-2.907370998,ds_cbdf3834368e,ds_16b6be697acb,01190,
00308,2.0825849,-2.226922467,3.67029814,-2.907370998,ds_cbdf3834368e,ds_16b6be697acb,01190,
00309,2.309401077,-2.226922467,3.67029814,-2.907370998,ds_cbdf3834368e,ds_16b6be697acb,01190,
00310,2.536217254,-2.226922467,3.67029814,-2.907370998,ds_cbdf3834368e,ds_16b6be697acb,01190,
00311,2.763033431,-2.226922467,3.67029814,-2.907370998,ds_cbdf3834368e,ds_16b6be697acb,01190,
00312,2.763033431,-2.226922467,3.67029814,-2.907370998,ds_cbdf3834368e,ds_16b6be697acb,01190,
00313,2.763033431,-2.226922467,3.67029814,-2.907370998,ds_cbdf3834368e,ds_16b6be697acb,01190,
00314,2.763033431,-2.226922467,3.67029814,-2.907370998,ds_cbdf3834368e,ds_16b6be697acb,01190,
00315,2.763033431,-2.226922467,3.67029814,-2.907370998,ds_cbdf3834368e,ds_16b6be697acb,01190,
00316,2.763033431,-2.00010629,3.67029814,-2.907370998,ds_cbdf3834368e,ds_16b6be697acb,01190,
00317,2.763033431,-2.226922467,3.67029814,-2.907370998,ds_cbdf3834368e,ds_16b6be697acb,01190,
00318,2.763033431,-2.226922467,3.67029814,-2.907370998,ds_cbdf3834368e,ds_16b6be697acb,01190,
00319,2.763033431,-2.226922467,3.67029814,-2.907370998,ds_cbdf3834368e,ds_16b6be697acb,01190,
00320,2.536217254,-2.226922467,3.67029814,-2.907370998,ds_cbdf3834368e,ds_16b6be697acb,01190,
00321,2.536217254,-2.00010629,3.67029814,-2.907370998,ds_cbdf3834368e,ds_16b6be697acb,01190,
00322,2.536217254,-2.226922467,3.67029814,-2.907370998,ds_cbdf3834368e,ds_16b6be697acb,01190,
00323,2.309401077,-2.226922467,3.67029814,-2.907370998,ds_cbdf3834368e,ds_16b6be697acb,01190,
00324,2.309401077,-2.453738644,3.67029814,-2.907370998,ds_cbdf3834368e,ds_16b6be697acb,01190,
00325,2.309401077,-2.453738644,3.67029814,-2.907370998,ds_cbdf3834368e,ds_16b6be697acb,01190,
00326,2.309401077,-2.453738644,3.67029814,-2.907370998,ds_cbdf3834368e,ds_16b6be697acb,01190,
00327,2.309401077,-2.453738644,3.67029814,-2.907370998,ds_cbdf3834368e,ds_16b6be697acb,01190,
00328,2.309401077,-2.226922467,3.67029814,-2.907370998,ds_cbdf3834368e,ds_16b6be697acb,01190,
00329,2.309401077,-2.226922467,3.67029814,-2.907370998,ds_cbdf3834368e,ds_16b6be697acb,01190,
00330,2.0825849,-2.226922467,3.67029814,-2.907370998,ds_cbdf3834368e,ds_16b6be697acb,01190,
00331,2.0825849,-2.226922467,3.67029814,-2.907370998,ds_cbdf3834368e,ds_16b6be697acb,01190,
00332,2.309401077,-2.226922467,3.67029814,-2.907370998,ds_cbdf3834368e,ds_16b6be697acb,01190,
00333,2.309401077,-2.226922467,3.67029814,-2.907370998,ds_cbdf3834368e,ds_16b6be697acb,01190,
00334,2.309401077,-2.226922467,3.67029814,-2.907370998,ds_cbdf3834368e,ds_16b6be697acb,01190,
00335,2.309401077,-2.226922467,3.67029814,-2.907370998,ds_cbdf3834368e,ds_16b6be697acb,01190,
00336,2.0825849,-2.00010629,3.67029814,-2.907370998,ds_cbdf3834368e,ds_16b6be697acb,01190,
00337,2.0825849,-2.00010629,3.67029814,-2.907370998,ds_cbdf3834368e,ds_16b6be697acb,01190,
00338,2.0825849,-2.00010629,3.67029814,-2.907370998,ds_cbdf3834368e,ds_16b6be697acb,01190,
00339,2.0825849,-2.226922467,3.67029814,-2.907370998,ds_cbdf3834368e,ds_16b6be697acb,01190,
00340,2.0825849,-2.226922467,3.67029814,-2.907370998,ds_cbdf3834368e,ds_16b6be697acb,01190,
00341,2.0825849,-2.226922467,3.67029814,-2.907370998,ds_cbdf3834368e,ds_16b6be697acb,01190,
00342,2.0825849,-2.226922467,3.67029814,-2.907370998,ds_cbdf3834368e,ds_16b6be697acb,01190,
00343,2.0825849,-2.226922467,3.67029814,-2.907370998,ds_cbdf3834368e,ds_16b6be697acb,01190,
00344,1.855768722,-2.226922467,3.67029814,-2.907370998,ds_cbdf3834368e,ds_16b6be697acb,01190,
00345,1.855768722,-2.226922467,3.67029814,-2.907370998,ds_cbdf3834368e,ds_16b6be697acb,01190,
00346,1.855768722,-2.226922467,3.67029814,-2.907370998,ds_cbdf3834368e,ds_16b6be697acb,01190,
00347,1.855768722,-2.226922467,3.67029814,-2.907370998,ds_cbdf3834368e,ds_16b6be697acb,01190,
00348,1.855768722,-2.226922467,3.67029814,-2.907370998,ds_cbdf3834368e,ds_16b6be697acb,01190,
00349,1.855768722,-2.226922467,3.67029814,-2.907370998,ds_cbdf3834368e,ds_16b6be697acb,01190,
00350,1.855768722,-2.226922467,3.67029814,-2.907370998,ds_cbdf3834368e,ds_16b6be697acb,01190,
00351,1.855768722,-2.226922467,3.67029814,-2.907370998,ds_cbdf3834368e,ds_16b6be697acb,01190,
00352,1.855768722,-2.226922467,3.67029814,-2.907370998,ds_cbdf3834368e,ds_16b6be697acb,01190,
00353,2.0825849,-2.226922467,3.67029814,-2.907370998,ds_cbdf3834368e,ds_16b6be697acb,01190,
00354,2.0825849,-2.226922467,3.67029814,-2.907370998,ds_cbdf3834368e,ds_16b6be697acb,01190,
00355,2.309401077,-2.226922467,3.67029814,-2.907370998,ds_cbdf3834368e,ds_16b6be697acb,01190,
00356,2.309401077,-2.226922467,3.67029814,-2.907370998,ds_cbdf3834368e,ds_16b6be697acb,01190,
00357,2.309401077,-2.226922467,3.67029814,-2.907370998,ds_cbdf3834368e,ds_16b6be697acb,01190,
00358,2.309401077,-2.226922467,3.67029814,-2.907370998,ds_cbdf3834368e,ds_16b6be697acb,01190,
00359,2.0825849,-2.226922467,3.67029814,-2.907370998,ds_cbdf3834368e,ds_16b6be697acb,01190,
00360,2.0825849,-2.226922467,3.67029814,-2.907370998,ds_cbdf3834368e,ds_16b6be697acb,01190,
00361,2.0825849,-2.226922467,3.67029814,-2.907370998,ds_cbdf3834368e,ds_16b6be697acb,01190,
00362,2.0825849,-2.226922467,3.67029814,-2.907370998,ds_cbdf3834368e,ds_16b6be697acb,01190,
00363,2.0825849,-2.226922467,3.67029814,-2.907370998,ds_cbdf3834368e,ds_16b6be697acb,01190,
00364,2.0825849,-2.226922467,3.67029814,-2.907370998,ds_cbdf3834368e,ds_16b6be697acb,01190,
00365,2.0825849,-2.226922467,3.67029814,-2.907370998,ds_cbdf3834368e,ds_16b6be697acb,01190,
00366,2.0825849,-2.226922467,3.67029814,-2.907370998,ds_cbdf3834368e,ds_16b6be697acb,01190,
00367,2.0825849,-2.226922467,3.67029814,-2.907370998,ds_cbdf3834368e,ds_16b6be697acb,01190,
00368,2.0825849,-2.226922467,3.67029814,-2.907370998,ds_cbdf3834368e,ds_16b6be697acb,01190,
00369,2.0825849,-2.226922467,3.67029814,-2.907370998,ds_cbdf3834368e,ds_16b6be697acb,01190,
00370,2.309401077,-2.226922467,3.67029814,-2.907370998,ds_cbdf3834368e,ds_16b6be697acb,01190,
00371,2.309401077,-2.226922467,3.67029814,-2.907370998,ds_cbdf3834368e,ds_16b6be697acb,01190,
00372,2.309401077,-2.00010629,3.67029814,-2.907370998,ds_cbdf3834368e,ds_16b6be697acb,01190,
00373,2.309401077,-2.00010629,3.67029814,-2.907370998,ds_cbdf3834368e,ds_16b6be697acb,01190,
00374,2.536217254,-2.00010629,3.67029814,-2.907370998,ds_cbdf3834368e,ds_16b6be697acb,01190,
00375,2.536217254,-2.00010629,3.67029814,-2.907370998,ds_cbdf3834368e,ds_16b6be697acb,01190,
00376,2.536217254,-2.00010629,3.67029814,-2.907370998,ds_cbdf3834368e,ds_16b6be697acb,01190,
00377,2.536217254,-2.00010629,3.67029814,-2.907370998,ds_cbdf3834368e,ds_16b6be697acb,01190,
00378,2.309401077,-2.00010629,3.67029814,-2.907370998,ds_cbdf3834368e,ds_16b6be697acb,01190,
00379,2.309401077,-2.00010629,3.67029814,-2.907370998,ds_cbdf3834368e,ds_16b6be697acb,01190,
00380,2.536217254,-2.00010629,3.67029814,-2.907370998,ds_cbdf3834368e,ds_16b6be697acb,01190,
00381,2.536217254,-2.00010629,3.67029814,-2.907370998,ds_cbdf3834368e,ds_16b6be697acb,01190,
00382,2.536217254,-2.00010629,3.67029814,-2.907370998,ds_cbdf3834368e,ds_16b6be697acb,01190,
00383,2.536217254,-2.226922467,3.67029814,-2.907370998,ds_cbdf3834368e,ds_16b6be697acb,01190,
00384,2.309401077,-2.226922467,3.67029814,-2.907370998,ds_cbdf3834368e,ds_16b6be697acb,01190,
00385,2.0825849,-2.226922467,3.67029814,-2.907370998,ds_cbdf3834368e,ds_16b6be697acb,01190,
00386,2.0825849,-2.226922467,3.67029814,-2.907370998,ds_cbdf3834368e,ds_16b6be697acb,01190,
00387,2.0825849,-2.226922467,3.67029814,-2.907370998,ds_cbdf3834368e,ds_16b6be697acb,01190,
00388,2.0825849,-2.226922467,3.67029814,-2.907370998,ds_cbdf3834368e,ds_16b6be697acb,01190,
00389,1.855768722,-2.226922467,3.67029814,-2.907370998,ds_cbdf3834368e,ds_16b6be697acb,01190,
00390,1.855768722,-2.226922467,3.67029814,-2.907370998,ds_cbdf3834368e,ds_16b6be697acb,01190,
00391,1.855768722,-2.226922467,3.67029814,-2.907370998,ds_cbdf3834368e,ds_16b6be697acb,01190,
00392,1.628952545,-2.226922467,3.67029814,-2.907370998,ds_cbdf3834368e,ds_16b6be697acb,01190,
00393,1.855768722,-2.226922467,3.67029814,-2.907370998,ds_cbdf3834368e,ds_16b6be697acb,01190,
00394,1.628952545,-2.226922467,3.67029814,-2.907370998,ds_cbdf3834368e,ds_16b6be697acb,01190,
00395,1.628952545,-2.226922467,3.67029814,-2.907370998,ds_cbdf3834368e,ds_16b6be697acb,01190,
00396,1.628952545,-2.226922467,3.67029814,-2.907370998,ds_cbdf3834368e,ds_16b6be697acb,01190,
00397,1.628952545,-2.226922467,3.67029814,-2.907370998,ds_cbdf3834368e,ds_16b6be697acb,01190,
00398,1.628952545,-2.226922467,3.67029814,-2.907370998,ds_cbdf3834368e,ds_16b6be697acb,01190,
00399,1.628952545,-2.00010629,3.67029814,-2.907370998,ds_cbdf3834368e,ds_16b6be697acb,01190,
00400,1.628952545,-2.00010629,3.67029814,-2.907370998,ds_cbdf3834368e,ds_16b6be697acb,01190,
00401,1.628952545,-2.00010629,3.67029814,-2.907370998,ds_cbdf3834368e,ds_16b6be697acb,01190,
00402,1.855768722,-2.00010629,3.67029814,-2.907370998,ds_cbdf3834368e,ds_16b6be697acb,01190,
00403,1.855768722,-2.00010629,3.67029814,-2.907370998,ds_cbdf3834368e,ds_16b6be697acb,01190,
00404,1.855768722,-2.00010629,3.67029814,-2.907370998,ds_cbdf3834368e,ds_16b6be697acb,01190,
00405,1.855768722,-2.00010629,3.67029814,-2.907370998,ds_cbdf3834368e,ds_16b6be697acb,01190,
00406,1.855768722,-2.00010629,3.67029814,-2.907370998,ds_cbdf3834368e,ds_16b6be697acb,01190,
00407,1.855768722,-2.00010629,3.67029814,-2.907370998,ds_cbdf3834368e,ds_16b6be697acb,01190,
00408,1.855768722,-2.00010629,3.67029814,-2.907370998,ds_cbdf3834368e,ds_16b6be697acb,01190,
00409,1.855768722,-2.00010629,3.67029814,-2.907370998,ds_cbdf3834368e,ds_16b6be697acb,01190,
00410,1.855768722,-2.00010629,3.67029814,-2.907370998,ds_cbdf3834368e,ds_16b6be697acb,01190,
00411,1.855768722,-2.00010629,3.67029814,-2.907370998,ds_cbdf3834368e,ds_16b6be697acb,01190,
00412,1.855768722,-2.00010629,3.67029814,-2.907370998,ds_cbdf3834368e,ds_16b6be697acb,01190,
00413,1.855768722,-1.773290113,3.67029814,-2.907370998,ds_cbdf3834368e,ds_16b6be697acb,01190,
00414,1.855768722,-1.773290113,3.67029814,-2.907370998,ds_cbdf3834368e,ds_16b6be697acb,01190,
00415,2.0825849,-1.773290113,3.67029814,-2.907370998,ds_cbdf3834368e,ds_16b6be697acb,01190,
00416,2.0825849,-1.773290113,3.67029814,-2.907370998,ds_cbdf3834368e,ds_16b6be697acb,01190,
00417,2.0825849,-1.773290113,3.67029814,-2.907370998,ds_cbdf3834368e,ds_16b6be697acb,01190,
00418,2.0825849,-1.773290113,3.67029814,-2.907370998,ds_cbdf3834368e,ds_16b6be697acb,01190,
00419,2.0825849,-1.773290113,3.67029814,-2.907370998,ds_cbdf3834368e,ds_16b6be697acb,01190,
00420,2.0825849,-1.773290113,3.67029814,-2.907370998,ds_cbdf3834368e,ds_16b6be697acb,01190,
00421,2.0825849,-1.773290113,3.67029814,-2.907370998,ds_cbdf3834368e,ds_16b6be697acb,01190,
00422,2.0825849,-1.773290113,3.67029814,-2.907370998,ds_cbdf3834368e,ds_16b6be697acb,01190,
00423,2.0825849,-1.773290113,3.67029814,-2.907370998,ds_cbdf3834368e,ds_16b6be697acb,01190,
00424,2.0825849,-1.773290113,3.67029814,-2.907370998,ds_cbdf3834368e,ds_16b6be697acb,01190,
00425,2.0825849,-1.773290113,3.67029814,-2.907370998,ds_cbdf3834368e,ds_16b6be697acb,01190,
00426,1.855768722,-1.773290113,3.67029814,-2.907370998,ds_cbdf3834368e,ds_16b6be697acb,01190,
00427,1.855768722,-1.773290113,3.67029814,-2.907370998,ds_cbdf3834368e,ds_16b6be697acb,01190,
00428,2.0825849,-1.773290113,3.67029814,-2.907370998,ds_cbdf3834368e,ds_16b6be697acb,01190,
00429,1.855768722,-1.773290113,3.67029814,-2.907370998,ds_cbdf3834368e,ds_16b6be697acb,01190,
00430,1.855768722,-1.773290113,3.67029814,-2.907370998,ds_cbdf3834368e,ds_16b6be697acb,01190,
00431,1.628952545,-1.773290113,3.67029814,-2.907370998,ds_cbdf3834368e,ds_16b6be697acb,01190,
00432,1.628952545,-1.773290113,3.67029814,-2.907370998,ds_cbdf3834368e,ds_16b6be697acb,01190,
00433,1.628952545,-1.773290113,3.67029814,-2.907370998,ds_cbdf3834368e,ds_16b6be697acb,01190,
00434,1.628952545,-1.773290113,3.67029814,-2.907370998,ds_cbdf3834368e,ds_16b6be697acb,01190,
00435,1.628952545,-1.773290113,3.67029814,-2.907370998,ds_cbdf3834368e,ds_16b6be697acb,01190,
00436,1.628952545,-2.00010629,3.67029814,-2.907370998,ds_cbdf3834368e,ds_16b6be697acb,01190,
00437,1.628952545,-2.226922467,3.67029814,-2.907370998,ds_cbdf3834368e,ds_16b6be697acb,01190,
00438,1.628952545,-2.226922467,3.67029814,-2.907370998,ds_cbdf3834368e,ds_16b6be697acb,01190,
00439,1.628952545,-2.00010629,3.67029814,-2.907370998,ds_cbdf3834368e,ds_16b6be697acb,01190,
00440,1.855768722,-2.00010629,3.67029814,-2.907370998,ds_cbdf3834368e,ds_16b6be697acb,01190,
00441,1.855768722,-2.00010629,3.67029814,-2.907370998,ds_cbdf3834368e,ds_16b6be697acb,01190,
00442,2.0825849,-2.00010629,3.67029814,-2.907370998,ds_cbdf3834368e,ds_16b6be697acb,01190,
00443,2.0825849,-2.00010629,3.67029814,-2.907370998,ds_cbdf3834368e,ds_16b6be697acb,01190,
00444,2.0825849,-2.00010629,3.67029814,-2.907370998,ds_cbdf3834368e,ds_16b6be697acb,01190,
00445,1.855768722,-2.00010629,3.67029814,-2.907370998,ds_cbdf3834368e,ds_16b6be697acb,01190,
00446,2.0825849,-2.00010629,3.67029814,-2.907370998,ds_cbdf3834368e,ds_16b6be697acb,01190,
00447,2.0825849,-2.00010629,3.67029814,-2.907370998,ds_cbdf3834368e,ds_16b6be697acb,01190,
00448,2.0825849,-2.00010629,3.67029814,-2.907370998,ds_cbdf3834368e,ds_16b6be697acb,01190,
00449,2.0825849,-2.00010629,3.67029814,-2.907370998,ds_cbdf3834368e,ds_16b6be697acb,01190,
00450,2.0825849,-2.00010629,3.67029814,-2.907370998,ds_cbdf3834368e,ds_16b6be697acb,01190,
00451,1.855768722,-2.00010629,3.67029814,-2.907370998,ds_cbdf3834368e,ds_16b6be697acb,01190,
00452,1.855768722,-2.00010629,3.67029814,-2.907370998,ds_cbdf3834368e,ds_16b6be697acb,01190,
00453,1.855768722,-1.773290113,3.67029814,-2.907370998,ds_cbdf3834368e,ds_16b6be697acb,01190,
00454,1.855768722,-2.00010629,3.67029814,-2.907370998,ds_cbdf3834368e,ds_16b6be697acb,01190,
00455,1.855768722,-2.00010629,3.67029814,-2.907370998,ds_cbdf3834368e,ds_16b6be697acb,01190,
00456,1.628952545,-2.226922467,3.67029814,-2.907370998,ds_cbdf3834368e,ds_16b6be697acb,01190,
00457,1.628952545,-2.226922467,3.67029814,-2.907370998,ds_cbdf3834368e,ds_16b6be697acb,01190,
00458,1.628952545,-2.226922467,3.67029814,-2.907370998,ds_cbdf3834368e,ds_16b6be697acb,01190,
00459,1.628952545,-2.226922467,3.67029814,-2.907370998,ds_cbdf3834368e,ds_16b6be697acb,01190,
00460,1.402136368,-2.226922467,3.67029814,-2.907370998,ds_cbdf3834368e,ds_16b6be697acb,01190,
00461,1.402136368,-2.226922467,3.67029814,-2.907370998,ds_cbdf3834368e,ds_16b6be697acb,01190,
00462,1.402136368,-2.453738644,3.67029814,-2.907370998,ds_cbdf3834368e,ds_16b6be697acb,01190,
00463,1.402136368,-2.453738644,3.67029814,-2.907370998,ds_cbdf3834368e,ds_16b6be697acb,01190,
00464,1.402136368,-2.453738644,3.67029814,-2.907370998,ds_cbdf3834368e,ds_16b6be697acb,01190,
00465,1.402136368,-2.226922467,3.67029814,-2.907370998,ds_cbdf3834368e,ds_16b6be697acb,01190,
00466,1.402136368,-2.226922467,3.67029814,-2.907370998,ds_cbdf3834368e,ds_16b6be697acb,01190,
00467,1.402136368,-2.226922467,3.67029814,-2.907370998,ds_cbdf3834368e,ds_16b6be697acb,01190,
00468,1.402136368,-2.226922467,3.67029814,-2.907370998,ds_cbdf3834368e,ds_16b6be697acb,01190,
00469,1.402136368,-2.226922467,3.67029814,-2.907370998,ds_cbdf3834368e,ds_16b6be697acb,01190,
00470,1.402136368,-2.226922467,3.67029814,-2.907370998,ds_cbdf3834368e,ds_16b6be697acb,01190,
00471,1.628952545,-2.226922467,3.67029814,-2.907370998,ds_cbdf3834368e,ds_16b6be697acb,01190,
00472,1.628952545,-2.226922467,3.67029814,-2.907370998,ds_cbdf3834368e,ds_16b6be697acb,01190,
00473,1.628952545,-2.226922467,3.67029814,-2.907370998,ds_cbdf3834368e,ds_16b6be697acb,01190,
00474,1.855768722,-2.00010629,3.67029814,-2.907370998,ds_cbdf3834368e,ds_16b6be697acb,01190,
00475,1.855768722,-2.00010629,3.67029814,-2.907370998,ds_cbdf3834368e,ds_16b6be697acb,01190,
00476,1.855768722,-2.00010629,3.67029814,-2.907370998,ds_cbdf3834368e,ds_16b6be697acb,01190,
00477,1.855768722,-2.00010629,3.67029814,-2.907370998,ds_cbdf3834368e,ds_16b6be697acb,01190,
00478,1.855768722,-2.00010629,3.67029814,-2.907370998,ds_cbdf3834368e,ds_16b6be697acb,01190,
00479,2.0825849,-2.00010629,3.67029814,-2.907370998,ds_cbdf3834368e,ds_16b6be697acb,01190,
00480,2.0825849,-2.00010629,3.67029814,-2.907370998,ds_cbdf3834368e,ds_16b6be697acb,01190,
00481,1.855768722,-2.226922467,3.67029814,-2.907370998,ds_cbdf3834368e,ds_16b6be697acb,01190,
00482,1.855768722,-2.226922467,3.67029814,-2.907370998,ds_cbdf3834368e,ds_16b6be697acb,01190,
00483,1.855768722,-2.226922467,3.67029814,-2.907370998,ds_cbdf3834368e,ds_16b6be697acb,01190,
00484,1.855768722,-2.453738644,3.67029814,-2.907370998,ds_cbdf3834368e,ds_16b6be697acb,01190,
00485,1.855768722,-2.680554821,3.67029814,-2.907370998,ds_cbdf3834368e,ds_16b6be697acb,01190,
00486,2.0825849,-2.680554821,3.67029814,-2.907370998,ds_cbdf3834368e,ds_16b6be697acb,01190,
00487,1.855768722,-2.680554821,3.67029814,-2.907370998,ds_cbdf3834368e,ds_16b6be697acb,01190,
00488,2.0825849,-2.680554821,3.67029814,-2.907370998,ds_cbdf3834368e,ds_16b6be697acb,01190,
00489,2.0825849,-2.680554821,3.67029814,-2.907370998,ds_cbdf3834368e,ds_16b6be697acb,01190,
00490,2.0825849,-2.453738644,3.67029814,-2.907370998,ds_cbdf3834368e,ds_16b6be697acb,01190,
00491,2.0825849,-2.453738644,3.67029814,-2.907370998,ds_cbdf3834368e,ds_16b6be697acb,01190,
00492,2.0825849,-2.453738644,3.67029814,-2.907370998,ds_cbdf3834368e,ds_16b6be697acb,01190,
00493,2.0825849,-2.453738644,3.67029814,-2.907370998,ds_cbdf3834368e,ds_16b6be697acb,01190,
00494,2.0825849,-2.453738644,3.67029814,-2.907370998,ds_cbdf3834368e,ds_16b6be697acb,01190,
00495,2.0825849,-2.453738644,3.67029814,-2.907370998,ds_cbdf3834368e,ds_16b6be697acb,01190,
00496,2.0825849,-2.453738644,3.67029814,-2.907370998,ds_cbdf3834368e,ds_16b6be697acb,01190,
00497,2.0825849,-2.453738644,3.67029814,-2.907370998,ds_cbdf3834368e,ds_16b6be697acb,01190,
00498,2.309401077,-2.453738644,3.67029814,-2.907370998,ds_cbdf3834368e,ds_16b6be697acb,01190,
00499,2.309401077,-2.453738644,3.67029814,-2.907370998,ds_cbdf3834368e,ds_16b6be697acb,01190,
00500,2.309401077,-2.453738644,3.67029814,-2.907370998,ds_cbdf3834368e,ds_16b6be697acb,01190,
00501,2.309401077,-2.453738644,3.67029814,-2.907370998,ds_cbdf3834368e,ds_16b6be697acb,01190,
00502,2.309401077,-2.453738644,3.67029814,-2.907370998,ds_cbdf3834368e,ds_16b6be697acb,01190,
00503,2.309401077,-2.453738644,3.67029814,-2.907370998,ds_cbdf3834368e,ds_16b6be697acb,01190,
00504,2.536217254,-2.453738644,3.67029814,-2.907370998,ds_cbdf3834368e,ds_16b6be697acb,01190,
00505,2.309401077,-2.453738644,3.67029814,-2.907370998,ds_cbdf3834368e,ds_16b6be697acb,01190,
00506,2.309401077,-2.453738644,3.67029814,-2.907370998,ds_cbdf3834368e,ds_16b6be697acb,01190,
00507,2.309401077,-2.453738644,3.67029814,-2.907370998,ds_cbdf3834368e,ds_16b6be697acb,01190,
00508,2.309401077,-2.453738644,3.67029814,-2.907370998,ds_cbdf3834368e,ds_16b6be697acb,01190,
00509,2.536217254,-2.453738644,3.67029814,-2.907370998,ds_cbdf3834368e,ds_16b6be697acb,01190,
00510,2.536217254,-2.453738644,3.67029814,-2.907370998,ds_cbdf3834368e,ds_16b6be697acb,01190,
00511,2.309401077,-2.453738644,3.67029814,-2.907370998,ds_cbdf3834368e,ds_16b6be697acb,01190,
00512,2.309401077,-2.453738644,3.67029814,-2.907370998,ds_cbdf3834368e,ds_16b6be697acb,01190,
00513,2.309401077,-2.453738644,3.67029814,-2.907370998,ds_cbdf3834368e,ds_16b6be697acb,01190,
00514,2.309401077,-2.226922467,3.67029814,-2.907370998,ds_cbdf3834368e,ds_16b6be697acb,01190,
00515,2.309401077,-2.226922467,3.67029814,-2.907370998,ds_cbdf3834368e,ds_16b6be697acb,01190,
00516,2.309401077,-2.226922467,3.67029814,-2.907370998,ds_cbdf3834368e,ds_16b6be697acb,01190,
00517,2.309401077,-2.226922467,3.67029814,-2.907370998,ds_cbdf3834368e,ds_16b6be697acb,01190,
00518,2.309401077,-2.226922467,3.67029814,-2.907370998,ds_cbdf3834368e,ds_16b6be697acb,01190,
00519,2.309401077,-2.226922467,3.67029814,-2.907370998,ds_cbdf3834368e,ds_16b6be697acb,01190,
00520,2.309401077,-2.226922467,3.67029814,-2.907370998,ds_cbdf3834368e,ds_16b6be697acb,01190,
00521,2.309401077,-2.226922467,3.67029814,-2.907370998,ds_cbdf3834368e,ds_16b6be697acb,01190,
00522,2.309401077,-2.226922467,3.67029814,-2.907370998,ds_cbdf3834368e,ds_16b6be697acb,01190,
00523,2.309401077,-2.453738644,3.67029814,-2.907370998,ds_cbdf3834368e,ds_16b6be697acb,01190,
00524,2.0825849,-2.453738644,3.67029814,-2.907370998,ds_cbdf3834368e,ds_16b6be697acb,01190,
00525,2.0825849,-2.453738644,3.67029814,-2.907370998,ds_cbdf3834368e,ds_16b6be697acb,01190,
00526,2.0825849,-2.226922467,3.67029814,-2.907370998,ds_cbdf3834368e,ds_16b6be697acb,01190,
00527,2.309401077,-2.226922467,3.67029814,-2.907370998,ds_cbdf3834368e,ds_16b6be697acb,01190,
00528,2.309401077,-2.226922467,3.67029814,-2.907370998,ds_cbdf3834368e,ds_16b6be697acb,01190,
00529,2.0825849,-2.226922467,3.67029814,-2.907370998,ds_cbdf3834368e,ds_16b6be697acb,01190,
00530,2.0825849,-2.226922467,3.67029814,-2.907370998,ds_cbdf3834368e,ds_16b6be697acb,01190,
00531,2.0825849,-2.226922467,3.67029814,-2.907370998,ds_cbdf3834368e,ds_16b6be697acb,01190,
00532,2.309401077,-2.226922467,3.67029814,-2.907370998,ds_cbdf3834368e,ds_16b6be697acb,01190,
00533,2.309401077,-2.226922467,3.67029814,-2.907370998,ds_cbdf3834368e,ds_16b6be697acb,01190,
00534,2.309401077,-2.226922467,3.67029814,-2.907370998,ds_cbdf3834368e,ds_16b6be697acb,01190,
00535,2.0825849,-2.226922467,3.67029814,-2.907370998,ds_cbdf3834368e,ds_16b6be697acb,01190,
00536,2.0825849,-2.226922467,3.67029814,-2.907370998,ds_cbdf3834368e,ds_16b6be697acb,01190,
00537,2.0825849,-2.226922467,3.67029814,-2.907370998,ds_cbdf3834368e,ds_16b6be697acb,01190,
00538,2.0825849,-2.226922467,3.67029814,-2.907370998,ds_cbdf3834368e,ds_16b6be697acb,01190,
00539,2.0825849,-2.226922467,3.67029814,-2.907370998,ds_cbdf3834368e,ds_16b6be697acb,01190,
00540,2.0825849,-2.226922467,3.67029814,-2.907370998,ds_cbdf3834368e,ds_16b6be697acb,01190,
00541,2.0825849,-2.226922467,3.67029814,-2.907370998,ds_cbdf3834368e,ds_16b6be697acb,01190,
00542,2.0825849,-2.226922467,3.67029814,-2.907370998,ds_cbdf3834368e,ds_16b6be697acb,01190,
00543,2.0825849,-2.226922467,3.67029814,-2.907370998,ds_cbdf3834368e,ds_16b6be697acb,01190,
00544,2.309401077,-2.453738644,3.67029814,-2.907370998,ds_cbdf3834368e,ds_16b6be697acb,01190,
00545,2.536217254,-2.453738644,3.67029814,-2.907370998,ds_cbdf3834368e,ds_16b6be697acb,01190,
00546,2.536217254,-2.453738644,3.67029814,-2.907370998,ds_cbdf3834368e,ds_16b6be697acb,01190,
00547,2.536217254,-2.226922467,3.67029814,-2.907370998,ds_cbdf3834368e,ds_16b6be697acb,01190,
00548,2.536217254,-2.226922467,3.67029814,-2.907370998,ds_cbdf3834368e,ds_16b6be697acb,01190,
00549,2.536217254,-2.226922467,3.67029814,-2.907370998,ds_cbdf3834368e,ds_16b6be697acb,01190,
00550,2.536217254,-2.226922467,3.67029814,-2.907370998,ds_cbdf3834368e,ds_16b6be697acb,01190,
00551,2.309401077,-2.453738644,3.67029814,-2.907370998,ds_cbdf3834368e,ds_16b6be697acb,01190,
00552,2.536217254,-2.453738644,3.67029814,-2.907370998,ds_cbdf3834368e,ds_16b6be697acb,01190,
00553,2.536217254,-2.453738644,3.67029814,-2.907370998,ds_cbdf3834368e,ds_16b6be697acb,01190,
00554,2.309401077,-2.680554821,3.67029814,-2.907370998,ds_cbdf3834368e,ds_16b6be697acb,01190,
00555,2.309401077,-2.680554821,3.67029814,-2.907370998,ds_cbdf3834368e,ds_16b6be697acb,01190,
00556,2.309401077,-2.680554821,3.67029814,-2.907370998,ds_cbdf3834368e,ds_16b6be697acb,01190,
00557,2.536217254,-2.680554821,3.67029814,-2.907370998,ds_cbdf3834368e,ds_16b6be697acb,01190,
00558,2.536217254,-2.453738644,3.67029814,-2.907370998,ds_cbdf3834368e,ds_16b6be697acb,01190,
00559,2.536217254,-2.453738644,3.67029814,-2.907370998,ds_cbdf3834368e,ds_16b6be697acb,01190,
00560,2.536217254,-2.453738644,3.67029814,-2.907370998,ds_cbdf3834368e,ds_16b6be697acb,01190,
00561,2.536217254,-2.453738644,3.67029814,-2.907370998,ds_cbdf3834368e,ds_16b6be697acb,01190,
00562,2.309401077,-2.453738644,3.67029814,-2.907370998,ds_cbdf3834368e,ds_16b6be697acb,01190,
00563,2.309401077,-2.453738644,3.67029814,-2.907370998,ds_cbdf3834368e,ds_16b6be697acb,01190,
00564,2.309401077,-2.453738644,3.67029814,-2.907370998,ds_cbdf3834368e,ds_16b6be697acb,01190,
00565,2.309401077,-2.453738644,3.67029814,-2.907370998,ds_cbdf3834368e,ds_16b6be697acb,01190,
00566,2.309401077,-2.453738644,3.67029814,-2.907370998,ds_cbdf3834368e,ds_16b6be697acb,01190,
00567,2.309401077,-2.453738644,3.67029814,-2.907370998,ds_cbdf3834368e,ds_16b6be697acb,01190,
00568,2.309401077,-2.453738644,3.67029814,-2.907370998,ds_cbdf3834368e,ds_16b6be697acb,01190,
00569,2.309401077,-2.453738644,3.67029814,-2.907370998,ds_cbdf3834368e,ds_16b6be697acb,01190,
00570,2.309401077,-2.453738644,3.67029814,-2.907370998,ds_cbdf3834368e,ds_16b6be697acb,01190,
00571,2.309401077,-2.453738644,3.67029814,-2.907370998,ds_cbdf3834368e,ds_16b6be697acb,01190,
00572,2.309401077,-2.453738644,3.67029814,-2.907370998,ds_cbdf3834368e,ds_16b6be697acb,01190,
00573,2.309401077,-2.680554821,3.67029814,-2.907370998,ds_cbdf3834368e,ds_16b6be697acb,01190,
00574,2.309401077,-2.680554821,3.67029814,-2.907370998,ds_cbdf3834368e,ds_16b6be697acb,01190,
00575,2.309401077,-2.680554821,3.67029814,-2.907370998,ds_cbdf3834368e,ds_16b6be697acb,01190,
00576,2.309401077,-2.453738644,3.67029814,-2.907370998,ds_cbdf3834368e,ds_16b6be697acb,01190,
00577,2.309401077,-2.453738644,3.67029814,-2.907370998,ds_cbdf3834368e,ds_16b6be697acb,01190,
00578,2.309401077,-2.453738644,3.67029814,-2.907370998,ds_cbdf3834368e,ds_16b6be697acb,01190,
00579,2.309401077,-2.453738644,3.67029814,-2.907370998,ds_cbdf3834368e,ds_16b6be697acb,01190,
00580,2.309401077,-2.453738644,3.67029814,-2.907370998,ds_cbdf3834368e,ds_16b6be697acb,01190,
00581,2.536217254,-2.453738644,3.67029814,-2.907370998,ds_cbdf3834368e,ds_16b6be697acb,01190,
00582,2.309401077,-2.226922467,3.67029814,-2.907370998,ds_cbdf3834368e,ds_16b6be697acb,01190,
00583,2.309401077,-2.226922467,3.67029814,-2.907370998,ds_cbdf3834368e,ds_16b6be697acb,01190,
00584,2.309401077,-2.226922467,3.67029814,-2.907370998,ds_cbdf3834368e,ds_16b6be697acb,01190,
00585,2.0825849,-2.00010629,3.67029814,-2.907370998,ds_cbdf3834368e,ds_16b6be697acb,01190,
00586,2.0825849,-2.00010629,3.67029814,-2.907370998,ds_cbdf3834368e,ds_16b6be697acb,01190,
00587,2.0825849,-2.00010629,3.67029814,-2.907370998,ds_cbdf3834368e,ds_16b6be697acb,01190,
00588,2.0825849,-2.00010629,3.67029814,-2.907370998,ds_cbdf3834368e,ds_16b6be697acb,01190,
00589,2.0825849,-2.00010629,3.67029814,-2.907370998,ds_cbdf3834368e,ds_16b6be697acb,01190,
00590,2.0825849,-2.00010629,3.67029814,-2.907370998,ds_cbdf3834368e,ds_16b6be697acb,01190,
00591,2.0825849,-2.00010629,3.67029814,-2.907370998,ds_cbdf3834368e,ds_16b6be697acb,01190,
00592,2.0825849,-2.00010629,3.67029814,-2.907370998,ds_cbdf3834368e,ds_16b6be697acb,01190,
00593,1.855768722,-2.00010629,3.67029814,-2.907370998,ds_cbdf3834368e,ds_16b6be697acb,01190,
00594,1.855768722,-2.00010629,3.67029814,-2.907370998,ds_cbdf3834368e,ds_16b6be697acb,01190,
00595,1.855768722,-2.00010629,3.67029814,-2.907370998,ds_cbdf3834368e,ds_16b6be697acb,01190,
00596,1.855768722,-2.226922467,3.67029814,-2.907370998,ds_cbdf3834368e,ds_16b6be697acb,01190,
00597,1.855768722,-2.453738644,3.67029814,-2.907370998,ds_cbdf3834368e,ds_16b6be697acb,01190,
00598,1.855768722,-2.453738644,3.67029814,-2.907370998,ds_cbdf3834368e,ds_16b6be697acb,01190,
00599,1.855768722,-2.453738644,3.67029814,-2.907370998,ds_cbdf3834368e,ds_16b6be697acb,01190,
00600,1.855768722,-2.453738644,3.67029814,-2.907370998,ds_cbdf3834368e,ds_16b6be697acb,01190,
00601,1.855768722,-2.453738644,3.67029814,-2.907370998,ds_cbdf3834368e,ds_16b6be697acb,01190,
00602,2.0825849,-2.453738644,3.67029814,-2.907370998,ds_cbdf3834368e,ds_16b6be697acb,01190,
00603,2.0825849,-2.226922467,3.67029814,-2.907370998,ds_cbdf3834368e,ds_16b6be697acb,01190,
00604,2.0825849,-2.226922467,3.67029814,-2.907370998,ds_cbdf3834368e,ds_16b6be697acb,01190,
00605,2.0825849,-2.453738644,3.67029814,-2.907370998,ds_cbdf3834368e,ds_16b6be697acb,01190,
00606,2.0825849,-2.453738644,3.67029814,-2.907370998,ds_cbdf3834368e,ds_16b6be697acb,01190,
00607,2.0825849,-2.453738644,3.67029814,-2.907370998,ds_cbdf3834368e,ds_16b6be697acb,01190,
00608,2.0825849,-2.680554821,3.67029814,-2.907370998,ds_cbdf3834368e,ds_16b6be697acb,01190,
00609,2.0825849,-2.680554821,3.67029814,-2.907370998,ds_cbdf3834368e,ds_16b6be697acb,01190,
00610,2.0825849,-2.680554821,3.67029814,-2.907370998,ds_cbdf3834368e,ds_16b6be697acb,01190,
00611,2.0825849,-2.680554821,3.67029814,-2.907370998,ds_cbdf3834368e,ds_16b6be697acb,01190,
00612,2.309401077,-2.680554821,3.67029814,-2.907370998,ds_cbdf3834368e,ds_16b6be697acb,01190,
00613,2.0825849,-2.680554821,3.67029814,-2.907370998,ds_cbdf3834368e,ds_16b6be697acb,01190,
00614,2.0825849,-2.680554821,3.67029814,-2.907370998,ds_cbdf3834368e,ds_16b6be697acb,01190,
00615,2.0825849,-2.907370998,3.67029814,-2.907370998,ds_cbdf3834368e,ds_16b6be697acb,01190,
00616,2.0825849,-2.907370998,3.67029814,-2.907370998,ds_cbdf3834368e,ds_16b6be697acb,01190,
00617,2.0825849,-2.907370998,3.67029814,-2.907370998,ds_cbdf3834368e,ds_16b6be697acb,01190,
00618,2.309401077,-2.907370998,3.67029814,-2.907370998,ds_cbdf3834368e,ds_16b6be697acb,01190,
00619,2.536217254,-2.907370998,3.67029814,-2.907370998,ds_cbdf3834368e,ds_16b6be697acb,01190,
00620,2.763033431,-2.680554821,3.67029814,-2.907370998,ds_cbdf3834368e,ds_16b6be697acb,01190,
00621,2.763033431,-2.453738644,3.67029814,-2.907370998,ds_cbdf3834368e,ds_16b6be697acb,01190,
00622,2.763033431,-2.453738644,3.67029814,-2.907370998,ds_cbdf3834368e,ds_16b6be697acb,01190,
00623,2.536217254,-2.226922467,3.67029814,-2.907370998,ds_cbdf3834368e,ds_16b6be697acb,01190,
00624,2.536217254,-2.226922467,3.67029814,-2.907370998,ds_cbdf3834368e,ds_16b6be697acb,01190,
00625,2.536217254,-2.226922467,3.67029814,-2.907370998,ds_cbdf3834368e,ds_16b6be697acb,01190,
00626,2.536217254,-2.00010629,3.67029814,-2.907370998,ds_cbdf3834368e,ds_16b6be697acb,01190,
00627,2.536217254,-2.00010629,3.67029814,-2.907370998,ds_cbdf3834368e,ds_16b6be697acb,01190,
00628,2.536217254,-2.00010629,3.67029814,-2.907370998,ds_cbdf3834368e,ds_16b6be697acb,01190,
00629,2.536217254,-2.00010629,3.67029814,-2.907370998,ds_cbdf3834368e,ds_16b6be697acb,01190,
00630,2.309401077,-2.00010629,3.67029814,-2.907370998,ds_cbdf3834368e,ds_16b6be697acb,01190,
00631,2.536217254,-2.00010629,3.67029814,-2.907370998,ds_cbdf3834368e,ds_16b6be697acb,01190,
00632,2.536217254,-2.00010629,3.67029814,-2.907370998,ds_cbdf3834368e,ds_16b6be697acb,01190,
00633,2.536217254,-2.00010629,3.67029814,-2.907370998,ds_cbdf3834368e,ds_16b6be697acb,01190,
00634,2.763033431,-2.00010629,3.67029814,-2.907370998,ds_cbdf3834368e,ds_16b6be697acb,01190,
00635,2.536217254,-2.00010629,3.67029814,-2.907370998,ds_cbdf3834368e,ds_16b6be697acb,01190,
00636,2.536217254,-2.00010629,3.67029814,-2.907370998,ds_cbdf3834368e,ds_16b6be697acb,01190,
00637,2.536217254,-2.00010629,3.67029814,-2.907370998,ds_cbdf3834368e,ds_16b6be697acb,01190,
00638,2.536217254,-2.00010629,3.67029814,-2.907370998,ds_cbdf3834368e,ds_16b6be697acb,01190,
00639,2.536217254,-2.00010629,3.67029814,-2.907370998,ds_cbdf3834368e,ds_16b6be697acb,01190,
00640,2.536217254,-1.773290113,3.67029814,-2.907370998,ds_cbdf3834368e,ds_16b6be697acb,01190,
00641,2.536217254,-1.773290113,3.67029814,-2.907370998,ds_cbdf3834368e,ds_16b6be697acb,01190,
00642,2.536217254,-2.00010629,3.67029814,-2.907370998,ds_cbdf3834368e,ds_16b6be697acb,01190,
00643,2.536217254,-2.00010629,3.67029814,-2.907370998,ds_cbdf3834368e,ds_16b6be697acb,01190,
00644,2.536217254,-2.00010629,3.67029814,-2.907370998,ds_cbdf3834368e,ds_16b6be697acb,01190,
00645,2.536217254,-2.00010629,3.67029814,-2.907370998,ds_cbdf3834368e,ds_16b6be697acb,01190,
00646,2.763033431,-2.00010629,3.67029814,-2.907370998,ds_cbdf3834368e,ds_16b6be697acb,01190,
00647,2.763033431,-2.00010629,3.67029814,-2.907370998,ds_cbdf3834368e,ds_16b6be697acb,01190,
00648,2.763033431,-1.773290113,3.67029814,-2.907370998,ds_cbdf3834368e,ds_16b6be697acb,01190,
00649,2.763033431,-1.773290113,3.67029814,-2.907370998,ds_cbdf3834368e,ds_16b6be697acb,01190,
00650,2.536217254,-1.773290113,3.67029814,-2.907370998,ds_cbdf3834368e,ds_16b6be697acb,01190,
00651,2.536217254,-1.773290113,3.67029814,-2.907370998,ds_cbdf3834368e,ds_16b6be697acb,01190,
00652,2.536217254,-1.773290113,3.67029814,-2.907370998,ds_cbdf3834368e,ds_16b6be697acb,01190,
00653,2.309401077,-1.773290113,3.67029814,-2.907370998,ds_cbdf3834368e,ds_16b6be697acb,01190,
00654,2.536217254,-1.773290113,3.67029814,-2.907370998,ds_cbdf3834368e,ds_16b6be697acb,01190,
00655,2.536217254,-1.773290113,3.67029814,-2.907370998,ds_cbdf3834368e,ds_16b6be697acb,01190,
00656,2.536217254,-1.773290113,3.67029814,-2.907370998,ds_cbdf3834368e,ds_16b6be697acb,01190,
00657,2.536217254,-1.546473935,3.67029814,-2.907370998,ds_cbdf3834368e,ds_16b6be697acb,01190,
00658,2.763033431,-1.773290113,3.67029814,-2.907370998,ds_cbdf3834368e,ds_16b6be697acb,01190,
00659,2.763033431,-1.773290113,3.67029814,-2.907370998,ds_cbdf3834368e,ds_16b6be697acb,01190,
00660,2.763033431,-1.773290113,3.67029814,-2.907370998,ds_cbdf3834368e,ds_16b6be697acb,01190,
00661,2.763033431,-1.773290113,3.67029814,-2.907370998,ds_cbdf3834368e,ds_16b6be697acb,01190,
00662,2.763033431,-1.773290113,3.67029814,-2.907370998,ds_cbdf3834368e,ds_16b6be697acb,01190,
00663,2.989849608,-1.773290113,3.67029814,-2.907370998,ds_cbdf3834368e,ds_16b6be697acb,01190,
00664,2.989849608,-1.773290113,3.67029814,-2.907370998,ds_cbdf3834368e,ds_16b6be697acb,01190,
00665,2.763033431,-1.546473935,3.67029814,-2.907370998,ds_cbdf3834368e,ds_16b6be697acb,01190,
00666,2.763033431,-1.546473935,3.67029814,-2.907370998,ds_cbdf3834368e,ds_16b6be697acb,01190,
00667,2.763033431,-1.773290113,3.67029814,-2.907370998,ds_cbdf3834368e,ds_16b6be697acb,01190,
00668,2.989849608,-1.773290113,3.67029814,-2.907370998,ds_cbdf3834368e,ds_16b6be697acb,01190,
00669,2.989849608,-2.00010629,3.67029814,-2.907370998,ds_cbdf3834368e,ds_16b6be697acb,01190,
00670,2.763033431,-2.00010629,3.67029814,-2.907370998,ds_cbdf3834368e,ds_16b6be697acb,01190,
00671,2.536217254,-2.00010629,3.67029814,-2.907370998,ds_cbdf3834368e,ds_16b6be697acb,01190,
00672,2.309401077,-2.00010629,3.67029814,-2.907370998,ds_cbdf3834368e,ds_16b6be697acb,01190,
00673,2.309401077,-2.00010629,3.67029814,-2.907370998,ds_cbdf3834368e,ds_16b6be697acb,01190,
00674,2.536217254,-2.00010629,3.67029814,-2.907370998,ds_cbdf3834368e,ds_16b6be697acb,01190,
00675,2.763033431,-2.00010629,3.67029814,-2.907370998,ds_cbdf3834368e,ds_16b6be697acb,01190,
00676,2.763033431,-2.00010629,3.67029814,-2.907370998,ds_cbdf3834368e,ds_16b6be697acb,01190,
00677,2.763033431,-2.226922467,3.67029814,-2.907370998,ds_cbdf3834368e,ds_16b6be697acb,01190,
00678,2.536217254,-2.00010629,3.67029814,-2.907370998,ds_cbdf3834368e,ds_16b6be697acb,01190,
00679,2.536217254,-2.00010629,3.67029814,-2.907370998,ds_cbdf3834368e,ds_16b6be697acb,01190,
00680,2.309401077,-2.00010629,3.67029814,-2.907370998,ds_cbdf3834368e,ds_16b6be697acb,01190,
00681,2.309401077,-2.00010629,3.67029814,-2.907370998,ds_cbdf3834368e,ds_16b6be697acb,01190,
00682,2.309401077,-2.00010629,3.67029814,-2.907370998,ds_cbdf3834368e,ds_16b6be697acb,01190,
00683,2.309401077,-2.00010629,3.67029814,-2.907370998,ds_cbdf3834368e,ds_16b6be697acb,01190,
00684,2.309401077,-2.00010629,3.67029814,-2.907370998,ds_cbdf3834368e,ds_16b6be697acb,01190,
00685,2.309401077,-2.00010629,3.67029814,-2.907370998,ds_cbdf3834368e,ds_16b6be697acb,01190,
00686,2.309401077,-2.00010629,3.67029814,-2.907370998,ds_cbdf3834368e,ds_16b6be697acb,01190,
00687,2.309401077,-1.773290113,3.67029814,-2.907370998,ds_cbdf3834368e,ds_16b6be697acb,01190,
00688,2.309401077,-2.00010629,3.67029814,-2.907370998,ds_cbdf3834368e,ds_16b6be697acb,01190,
00689,2.0825849,-2.226922467,3.67029814,-2.907370998,ds_cbdf3834368e,ds_16b6be697acb,01190,
00690,2.0825849,-2.226922467,3.67029814,-2.907370998,ds_cbdf3834368e,ds_16b6be697acb,01190,
00691,2.0825849,-2.226922467,3.67029814,-2.907370998,ds_cbdf3834368e,ds_16b6be697acb,01190,
00692,2.0825849,-2.226922467,3.67029814,-2.907370998,ds_cbdf3834368e,ds_16b6be697acb,01190,
00693,1.855768722,-2.226922467,3.67029814,-2.907370998,ds_cbdf3834368e,ds_16b6be697acb,01190,
00694,2.0825849,-2.226922467,3.67029814,-2.907370998,ds_cbdf3834368e,ds_16b6be697acb,01190,
00695,2.0825849,-2.226922467,3.67029814,-2.907370998,ds_cbdf3834368e,ds_16b6be697acb,01190,
00696,2.0825849,-2.226922467,3.67029814,-2.907370998,ds_cbdf3834368e,ds_16b6be697acb,01190,
00697,2.0825849,-2.226922467,3.67029814,-2.907370998,ds_cbdf3834368e,ds_16b6be697acb,01190,
00698,2.0825849,-2.226922467,3.67029814,-2.907370998,ds_cbdf3834368e,ds_16b6be697acb,01190,
00699,2.0825849,-2.453738644,3.67029814,-2.907370998,ds_cbdf3834368e,ds_16b6be697acb,01190,
00700,2.0825849,-2.453738644,3.67029814,-2.907370998,ds_cbdf3834368e,ds_16b6be697acb,01190,
00701,1.855768722,-2.453738644,3.67029814,-2.907370998,ds_cbdf3834368e,ds_16b6be697acb,01190,
00702,1.855768722,-2.453738644,3.67029814,-2.907370998,ds_cbdf3834368e,ds_16b6be697acb,01190,
00703,1.855768722,-2.226922467,3.67029814,-2.907370998,ds_cbdf3834368e,ds_16b6be697acb,01190,
00704,1.855768722,-2.226922467,3.67029814,-2.907370998,ds_cbdf3834368e,ds_16b6be697acb,01190,
00705,1.855768722,-2.226922467,3.67029814,-2.907370998,ds_cbdf3834368e,ds_16b6be697acb,01190,
00706,1.855768722,-2.226922467,3.67029814,-2.907370998,ds_cbdf3834368e,ds_16b6be697acb,01190,
00707,2.0825849,-2.453738644,3.67029814,-2.907370998,ds_cbdf3834368e,ds_16b6be697acb,01190,
00708,2.0825849,-2.453738644,3.67029814,-2.907370998,ds_cbdf3834368e,ds_16b6be697acb,01190,
00709,2.309401077,-2.453738644,3.67029814,-2.907370998,ds_cbdf3834368e,ds_16b6be697acb,01190,
00710,2.309401077,-2.453738644,3.67029814,-2.907370998,ds_cbdf3834368e,ds_16b6be697acb,01190,
00711,2.309401077,-2.453738644,3.67029814,-2.907370998,ds_cbdf3834368e,ds_16b6be697acb,01190,
00712,2.309401077,-2.453738644,3.67029814,-2.907370998,ds_cbdf3834368e,ds_16b6be697acb,01190,
00713,2.309401077,-2.453738644,3.67029814,-2.907370998,ds_cbdf3834368e,ds_16b6be697acb,01190,
00714,2.309401077,-2.453738644,3.67029814,-2.907370998,ds_cbdf3834368e,ds_16b6be697acb,01190,
00715,2.536217254,-2.453738644,3.67029814,-2.907370998,ds_cbdf3834368e,ds_16b6be697acb,01190,
00716,2.536217254,-2.453738644,3.67029814,-2.907370998,ds_cbdf3834368e,ds_16b6be697acb,01190,
00717,2.536217254,-2.226922467,3.67029814,-2.907370998,ds_cbdf3834368e,ds_16b6be697acb,01190,
00718,2.536217254,-2.226922467,3.67029814,-2.907370998,ds_cbdf3834368e,ds_16b6be697acb,01190,
00719,2.536217254,-2.226922467,3.67029814,-2.907370998,ds_cbdf3834368e,ds_16b6be697acb,01190,
00720,2.536217254,-2.226922467,3.67029814,-2.907370998,ds_cbdf3834368e,ds_16b6be697acb,01190,
00721,2.536217254,-2.226922467,3.67029814,-2.907370998,ds_cbdf3834368e,ds_16b6be697acb,01190,
00722,2.309401077,-2.226922467,3.67029814,-2.907370998,ds_cbdf3834368e,ds_16b6be697acb,01190,
00723,2.309401077,-2.226922467,3.67029814,-2.907370998,ds_cbdf3834368e,ds_16b6be697acb,01190,
00724,2.536217254,-2.226922467,3.67029814,-2.907370998,ds_cbdf3834368e,ds_16b6be697acb,01190,
00725,2.536217254,-2.226922467,3.67029814,-2.907370998,ds_cbdf3834368e,ds_16b6be697acb,01190,
00726,2.536217254,-2.226922467,3.67029814,-2.907370998,ds_cbdf3834368e,ds_16b6be697acb,01190,
00727,2.536217254,-2.226922467,3.67029814,-2.907370998,ds_cbdf3834368e,ds_16b6be697acb,01190,
00728,2.536217254,-2.226922467,3.67029814,-2.907370998,ds_cbdf3834368e,ds_16b6be697acb,01190,
00729,2.536217254,-2.226922467,3.67029814,-2.907370998,ds_cbdf3834368e,ds_16b6be697acb,01190,
00730,2.309401077,-2.00010629,3.67029814,-2.907370998,ds_cbdf3834368e,ds_16b6be697acb,01190,
00731,2.309401077,-2.226922467,3.67029814,-2.907370998,ds_cbdf3834368e,ds_16b6be697acb,01190,
00732,2.309401077,-2.226922467,3.67029814,-2.907370998,ds_cbdf3834368e,ds_16b6be697acb,01190,
00733,2.309401077,-2.226922467,3.67029814,-2.907370998,ds_cbdf3834368e,ds_16b6be697acb,01190,
00734,2.309401077,-2.226922467,3.67029814,-2.907370998,ds_cbdf3834368e,ds_16b6be697acb,01190,
00735,2.536217254,-2.226922467,3.67029814,-2.907370998,ds_cbdf3834368e,ds_16b6be697acb,01190,
00736,2.536217254,-2.226922467,3.67029814,-2.907370998,ds_cbdf3834368e,ds_16b6be697acb,01190,
00737,2.536217254,-2.226922467,3.67029814,-2.907370998,ds_cbdf3834368e,ds_16b6be697acb,01190,
00738,2.536217254,-2.226922467,3.67029814,-2.907370998,ds_cbdf3834368e,ds_16b6be697acb,01190,
00739,2.536217254,-2.226922467,3.67029814,-2.907370998,ds_cbdf3834368e,ds_16b6be697acb,01190,
00740,2.536217254,-2.226922467,3.67029814,-2.907370998,ds_cbdf3834368e,ds_16b6be697acb,01190,
00741,2.536217254,-2.226922467,3.67029814,-2.907370998,ds_cbdf3834368e,ds_16b6be697acb,01190,
00742,2.536217254,-2.226922467,3.67029814,-2.907370998,ds_cbdf3834368e,ds_16b6be697acb,01190,
00743,2.536217254,-2.226922467,3.67029814,-2.907370998,ds_cbdf3834368e,ds_16b6be697acb,01190,
00744,2.536217254,-2.226922467,3.67029814,-2.907370998,ds_cbdf3834368e,ds_16b6be697acb,01190,
00745,2.536217254,-2.226922467,3.67029814,-2.907370998,ds_cbdf3834368e,ds_16b6be697acb,01190,
00746,2.536217254,-2.453738644,3.67029814,-2.907370998,ds_cbdf3834368e,ds_16b6be697acb,01190,
00747,2.536217254,-2.226922467,3.67029814,-2.907370998,ds_cbdf3834368e,ds_16b6be697acb,01190,
00748,2.763033431,-2.226922467,3.67029814,-2.907370998,ds_cbdf3834368e,ds_16b6be697acb,01190,
00749,2.989849608,-2.00010629,3.67029814,-2.907370998,ds_cbdf3834368e,ds_16b6be697acb,01190,
00750,2.989849608,-2.00010629,3.67029814,-2.907370998,ds_cbdf3834368e,ds_16b6be697acb,01190,
00751,2.763033431,-2.00010629,3.67029814,-2.907370998,ds_cbdf3834368e,ds_16b6be697acb,01190,
00752,2.763033431,-2.00010629,3.67029814,-2.907370998,ds_cbdf3834368e,ds_16b6be697acb,01190,
00753,2.763033431,-2.00010629,3.67029814,-2.907370998,ds_cbdf3834368e,ds_16b6be697acb,01190,
00754,2.763033431,-2.00010629,3.67029814,-2.907370998,ds_cbdf3834368e,ds_16b6be697acb,01190,
00755,2.536217254,-2.00010629,3.67029814,-2.907370998,ds_cbdf3834368e,ds_16b6be697acb,01190,
00756,2.536217254,-2.00010629,3.67029814,-2.907370998,ds_cbdf3834368e,ds_16b6be697acb,01190,
00757,2.536217254,-2.00010629,3.67029814,-2.907370998,ds_cbdf3834368e,ds_16b6be697acb,01190,
00758,2.536217254,-2.00010629,3.67029814,-2.907370998,ds_cbdf3834368e,ds_16b6be697acb,01190,
00759,2.536217254,-2.00010629,3.67029814,-2.907370998,ds_cbdf3834368e,ds_16b6be697acb,01190,
00760,2.536217254,-1.773290113,3.67029814,-2.907370998,ds_cbdf3834368e,ds_16b6be697acb,01190,
00761,2.536217254,-1.773290113,3.67029814,-2.907370998,ds_cbdf3834368e,ds_16b6be697acb,01190,
00762,2.536217254,-1.773290113,3.67029814,-2.907370998,ds_cbdf3834368e,ds_16b6be697acb,01190,
00763,2.536217254,-1.773290113,3.67029814,-2.907370998,ds_cbdf3834368e,ds_16b6be697acb,01190,
00764,2.536217254,-1.773290113,3.67029814,-2.907370998,ds_cbdf3834368e,ds_16b6be697acb,01190,
00765,2.309401077,-1.773290113,3.67029814,-2.907370998,ds_cbdf3834368e,ds_16b6be697acb,01190,
00766,2.309401077,-1.773290113,3.67029814,-2.907370998,ds_cbdf3834368e,ds_16b6be697acb,01190,
00767,2.309401077,-1.773290113,3.67029814,-2.907370998,ds_cbdf3834368e,ds_16b6be697acb,01190,
00768,2.309401077,-1.773290113,3.67029814,-2.907370998,ds_cbdf3834368e,ds_16b6be697acb,01190,
00769,2.0825849,-1.773290113,3.67029814,-2.907370998,ds_cbdf3834368e,ds_16b6be697acb,01190,
00770,1.855768722,-1.773290113,3.67029814,-2.907370998,ds_cbdf3834368e,ds_16b6be697acb,01190,
00771,1.855768722,-1.773290113,3.67029814,-2.907370998,ds_cbdf3834368e,ds_16b6be697acb,01190,
00772,2.0825849,-1.546473935,3.67029814,-2.907370998,ds_cbdf3834368e,ds_16b6be697acb,01190,
00773,2.0825849,-1.546473935,3.67029814,-2.907370998,ds_cbdf3834368e,ds_16b6be697acb,01190,
00774,2.0825849,-1.546473935,3.67029814,-2.907370998,ds_cbdf3834368e,ds_16b6be697acb,01190,
00775,2.0825849,-1.546473935,3.67029814,-2.907370998,ds_cbdf3834368e,ds_16b6be697acb,01190,
00776,2.0825849,-1.546473935,3.67029814,-2.907370998,ds_cbdf3834368e,ds_16b6be697acb,01190,
00777,2.0825849,-1.546473935,3.67029814,-2.907370998,ds_cbdf3834368e,ds_16b6be697acb,01190,
00778,2.309401077,-1.546473935,3.67029814,-2.907370998,ds_cbdf3834368e,ds_16b6be697acb,01190,
00779,2.309401077,-1.546473935,3.67029814,-2.907370998,ds_cbdf3834368e,ds_16b6be697acb,01190,
00780,2.309401077,-1.546473935,3.67029814,-2.907370998,ds_cbdf3834368e,ds_16b6be697acb,01190,
00781,2.536217254,-1.546473935,3.67029814,-2.907370998,ds_cbdf3834368e,ds_16b6be697acb,01190,
00782,2.536217254,-1.546473935,3.67029814,-2.907370998,ds_cbdf3834368e,ds_16b6be697acb,01190,
00783,2.309401077,-1.773290113,3.67029814,-2.907370998,ds_cbdf3834368e,ds_16b6be697acb,01190,
00784,2.536217254,-1.773290113,3.67029814,-2.907370998,ds_cbdf3834368e,ds_16b6be697acb,01190,
00785,2.309401077,-1.773290113,3.67029814,-2.907370998,ds_cbdf3834368e,ds_16b6be697acb,01190,
00786,2.0825849,-1.773290113,3.67029814,-2.907370998,ds_cbdf3834368e,ds_16b6be697acb,01190,
00787,2.0825849,-1.773290113,3.67029814,-2.907370998,ds_cbdf3834368e,ds_16b6be697acb,01190,
00788,2.309401077,-1.773290113,3.67029814,-2.907370998,ds_cbdf3834368e,ds_16b6be697acb,01190,
00789,2.309401077,-1.773290113,3.67029814,-2.907370998,ds_cbdf3834368e,ds_16b6be697acb,01190,
00790,2.0825849,-1.773290113,3.67029814,-2.907370998,ds_cbdf3834368e,ds_16b6be697acb,01190,
00791,2.0825849,-1.773290113,3.67029814,-2.907370998,ds_cbdf3834368e,ds_16b6be697acb,01190,
00792,2.0825849,-1.773290113,3.67029814,-2.907370998,ds_cbdf3834368e,ds_16b6be697acb,01190,
00793,2.0825849,-1.773290113,3.67029814,-2.907370998,ds_cbdf3834368e,ds_16b6be697acb,01190,
00794,2.0825849,-1.546473935,3.67029814,-2.907370998,ds_cbdf3834368e,ds_16b6be697acb,01190,
00795,1.855768722,-1.546473935,3.67029814,-2.907370998,ds_cbdf3834368e,ds_16b6be697acb,01190,
00796,1.855768722,-1.319657758,3.67029814,-2.907370998,ds_cbdf3834368e,ds_16b6be697acb,01190,
00797,1.855768722,-1.319657758,3.67029814,-2.907370998,ds_cbdf3834368e,ds_16b6be697acb,01190,
00798,1.855768722,-1.546473935,3.67029814,-2.907370998,ds_cbdf3834368e,ds_16b6be697acb,01190,
00799,1.855768722,-1.546473935,3.67029814,-2.907370998,ds_cbdf3834368e,ds_16b6be697acb,01190,
00800,1.855768722,-1.546473935,3.67029814,-2.907370998,ds_cbdf3834368e,ds_16b6be697acb,01190,
00801,2.0825849,-1.546473935,3.67029814,-2.907370998,ds_cbdf3834368e,ds_16b6be697acb,01190,
00802,2.0825849,-1.773290113,3.67029814,-2.907370998,ds_cbdf3834368e,ds_16b6be697acb,01190,
00803,2.0825849,-1.773290113,3.67029814,-2.907370998,ds_cbdf3834368e,ds_16b6be697acb,01190,
00804,2.0825849,-1.773290113,3.67029814,-2.907370998,ds_cbdf3834368e,ds_16b6be697acb,01190,
00805,2.0825849,-1.773290113,3.67029814,-2.907370998,ds_cbdf3834368e,ds_16b6be697acb,01190,
00806,2.0825849,-1.773290113,3.67029814,-2.907370998,ds_cbdf3834368e,ds_16b6be697acb,01190,
00807,2.0825849,-1.773290113,3.67029814,-2.907370998,ds_cbdf3834368e,ds_16b6be697acb,01190,
00808,2.0825849,-1.773290113,3.67029814,-2.907370998,ds_cbdf3834368e,ds_16b6be697acb,01190,
00809,1.855768722,-1.546473935,3.67029814,-2.907370998,ds_cbdf3834368e,ds_16b6be697acb,01190,
00810,1.855768722,-1.546473935,3.67029814,-2.907370998,ds_cbdf3834368e,ds_16b6be697acb,01190,
00811,1.855768722,-1.773290113,3.67029814,-2.907370998,ds_cbdf3834368e,ds_16b6be697acb,01190,
00812,1.855768722,-1.773290113,3.67029814,-2.907370998,ds_cbdf3834368e,ds_16b6be697acb,01190,
00813,1.855768722,-1.773290113,3.67029814,-2.907370998,ds_cbdf3834368e,ds_16b6be697acb,01190,
00814,1.855768722,-2.00010629,3.67029814,-2.907370998,ds_cbdf3834368e,ds_16b6be697acb,01190,
00815,2.0825849,-2.00010629,3.67029814,-2.907370998,ds_cbdf3834368e,ds_16b6be697acb,01190,
00816,2.0825849,-2.00010629,3.67029814,-2.907370998,ds_cbdf3834368e,ds_16b6be697acb,01190,
00817,2.0825849,-2.00010629,3.67029814,-2.907370998,ds_cbdf3834368e,ds_16b6be697acb,01190,
00818,2.0825849,-2.00010629,3.67029814,-2.907370998,ds_cbdf3834368e,ds_16b6be697acb,01190,
00819,2.0825849,-2.00010629,3.67029814,-2.907370998,ds_cbdf3834368e,ds_16b6be697acb,01190,
00820,2.0825849,-2.00010629,3.67029814,-2.907370998,ds_cbdf3834368e,ds_16b6be697acb,01190,
00821,2.0825849,-2.00010629,3.67029814,-2.907370998,ds_cbdf3834368e,ds_16b6be697acb,01190,
00822,2.0825849,-2.00010629,3.67029814,-2.907370998,ds_cbdf3834368e,ds_16b6be697acb,01190,
00823,1.855768722,-2.00010629,3.67029814,-2.907370998,ds_cbdf3834368e,ds_16b6be697acb,01190,
00824,1.628952545,-2.226922467,3.67029814,-2.907370998,ds_cbdf3834368e,ds_16b6be697acb,01190,
00825,1.628952545,-2.453738644,3.67029814,-2.907370998,ds_cbdf3834368e,ds_16b6be697acb,01190,
00826,1.628952545,-2.680554821,3.67029814,-2.907370998,ds_cbdf3834368e,ds_16b6be697acb,01190,
00827,1.855768722,-2.680554821,3.67029814,-2.907370998,ds_cbdf3834368e,ds_16b6be697acb,01190,
00828,1.855768722,-2.680554821,3.67029814,-2.907370998,ds_cbdf3834368e,ds_16b6be697acb,01190,
00829,1.855768722,-2.680554821,3.67029814,-2.907370998,ds_cbdf3834368e,ds_16b6be697acb,01190,
00830,1.855768722,-2.680554821,3.67029814,-2.907370998,ds_cbdf3834368e,ds_16b6be697acb,01190,
00831,2.0825849,-2.680554821,3.67029814,-2.907370998,ds_cbdf3834368e,ds_16b6be697acb,01190,
00832,2.0825849,-2.680554821,3.67029814,-2.907370998,ds_cbdf3834368e,ds_16b6be697acb,01190,
00833,2.0825849,-2.680554821,3.67029814,-2.907370998,ds_cbdf3834368e,ds_16b6be697acb,01190,
00834,2.0825849,-2.680554821,3.67029814,-2.907370998,ds_cbdf3834368e,ds_16b6be697acb,01190,
00835,2.0825849,-2.680554821,3.67029814,-2.907370998,ds_cbdf3834368e,ds_16b6be697acb,01190,
00836,2.0825849,-2.680554821,3.67029814,-2.907370998,ds_cbdf3834368e,ds_16b6be697acb,01190,
00837,1.855768722,-2.680554821,3.67029814,-2.907370998,ds_cbdf3834368e,ds_16b6be697acb,01190,
00838,1.855768722,-2.680554821,3.67029814,-2.907370998,ds_cbdf3834368e,ds_16b6be697acb,01190,
00839,1.855768722,-2.680554821,3.67029814,-2.907370998,ds_cbdf3834368e,ds_16b6be697acb,01190,
00840,1.855768722,-2.680554821,3.67029814,-2.907370998,ds_cbdf3834368e,ds_16b6be697acb,01190,
00841,2.0825849,-2.453738644,3.67029814,-2.907370998,ds_cbdf3834368e,ds_16b6be697acb,01190,
00842,2.0825849,-2.453738644,3.67029814,-2.907370998,ds_cbdf3834368e,ds_16b6be697acb,01190,
00843,2.0825849,-2.453738644,3.67029814,-2.907370998,ds_cbdf3834368e,ds_16b6be697acb,01190,
00844,2.0825849,-2.453738644,3.67029814,-2.907370998,ds_cbdf3834368e,ds_16b6be697acb,01190,
00845,2.0825849,-2.453738644,3.67029814,-2.907370998,ds_cbdf3834368e,ds_16b6be697acb,01190,
00846,2.0825849,-2.453738644,3.67029814,-2.907370998,ds_cbdf3834368e,ds_16b6be697acb,01190,
00847,1.855768722,-2.453738644,3.67029814,-2.907370998,ds_cbdf3834368e,ds_16b6be697acb,01190,
00848,1.855768722,-2.453738644,3.67029814,-2.907370998,ds_cbdf3834368e,ds_16b6be697acb,01190,
00849,2.0825849,-2.453738644,3.67029814,-2.907370998,ds_cbdf3834368e,ds_16b6be697acb,01190,
00850,2.0825849,-2.680554821,3.67029814,-2.907370998,ds_cbdf3834368e,ds_16b6be697acb,01190,
00851,2.0825849,-2.680554821,3.67029814,-2.907370998,ds_cbdf3834368e,ds_16b6be697acb,01190,
00852,2.0825849,-2.907370998,3.67029814,-2.907370998,ds_cbdf3834368e,ds_16b6be697acb,01190,
00853,2.0825849,-2.907370998,3.67029814,-2.907370998,ds_cbdf3834368e,ds_16b6be697acb,01190,
00854,2.0825849,-2.907370998,3.67029814,-2.907370998,ds_cbdf3834368e,ds_16b6be697acb,01190,
00855,2.0825849,-2.907370998,3.67029814,-2.907370998,ds_cbdf3834368e,ds_16b6be697acb,01190,
00856,2.0825849,-2.680554821,3.67029814,-2.907370998,ds_cbdf3834368e,ds_16b6be697acb,01190,
00857,2.0825849,-2.680554821,3.67029814,-2.907370998,ds_cbdf3834368e,ds_16b6be697acb,01190,
00858,1.855768722,-2.680554821,3.67029814,-2.907370998,ds_cbdf3834368e,ds_16b6be697acb,01190,
00859,1.855768722,-2.680554821,3.67029814,-2.907370998,ds_cbdf3834368e,ds_16b6be697acb,01190,
00860,1.855768722,-2.680554821,3.67029814,-2.907370998,ds_cbdf3834368e,ds_16b6be697acb,01190,
00861,1.855768722,-2.680554821,3.67029814,-2.907370998,ds_cbdf3834368e,ds_16b6be697acb,01190,
00862,1.855768722,-2.453738644,3.67029814,-2.907370998,ds_cbdf3834368e,ds_16b6be697acb,01190,
00863,1.628952545,-2.453738644,3.67029814,-2.907370998,ds_cbdf3834368e,ds_16b6be697acb,01190,
00864,1.402136368,-2.453738644,3.67029814,-2.907370998,ds_cbdf3834368e,ds_16b6be697acb,01190,
00865,1.402136368,-2.453738644,3.67029814,-2.907370998,ds_cbdf3834368e,ds_16b6be697acb,01190,
00866,1.628952545,-2.453738644,3.67029814,-2.907370998,ds_cbdf3834368e,ds_16b6be697acb,01190,
00867,1.628952545,-2.453738644,3.67029814,-2.907370998,ds_cbdf3834368e,ds_16b6be697acb,01190,
00868,1.628952545,-2.226922467,3.67029814,-2.907370998,ds_cbdf3834368e,ds_16b6be697acb,01190,
00869,1.628952545,-2.226922467,3.67029814,-2.907370998,ds_cbdf3834368e,ds_16b6be697acb,01190,
00870,1.628952545,-2.226922467,3.67029814,-2.907370998,ds_cbdf3834368e,ds_16b6be697acb,01190,
00871,1.628952545,-2.226922467,3.67029814,-2.907370998,ds_cbdf3834368e,ds_16b6be697acb,01190,
00872,1.628952545,-2.453738644,3.67029814,-2.907370998,ds_cbdf3834368e,ds_16b6be697acb,01190,
00873,1.628952545,-2.453738644,3.67029814,-2.907370998,ds_cbdf3834368e,ds_16b6be697acb,01190,
00874,1.402136368,-2.453738644,3.67029814,-2.907370998,ds_cbdf3834368e,ds_16b6be697acb,01190,
00875,1.402136368,-2.453738644,3.67029814,-2.907370998,ds_cbdf3834368e,ds_16b6be697acb,01190,
00876,1.402136368,-2.226922467,3.67029814,-2.907370998,ds_cbdf3834368e,ds_16b6be697acb,01190,
00877,1.402136368,-2.226922467,3.67029814,-2.907370998,ds_cbdf3834368e,ds_16b6be697acb,01190,
00878,1.628952545,-2.226922467,3.67029814,-2.907370998,ds_cbdf3834368e,ds_16b6be697acb,01190,
00879,1.628952545,-2.226922467,3.67029814,-2.907370998,ds_cbdf3834368e,ds_16b6be697acb,01190,
00880,1.855768722,-2.226922467,3.67029814,-2.907370998,ds_cbdf3834368e,ds_16b6be697acb,01190,
00881,1.855768722,-2.226922467,3.67029814,-2.907370998,ds_cbdf3834368e,ds_16b6be697acb,01190,
00882,1.855768722,-2.226922467,3.67029814,-2.907370998,ds_cbdf3834368e,ds_16b6be697acb,01190,
00883,1.855768722,-2.226922467,3.67029814,-2.907370998,ds_cbdf3834368e,ds_16b6be697acb,01190,
00884,1.855768722,-2.226922467,3.67029814,-2.907370998,ds_cbdf3834368e,ds_16b6be697acb,01190,
00885,1.855768722,-2.453738644,3.67029814,-2.907370998,ds_cbdf3834368e,ds_16b6be697acb,01190,
00886,1.855768722,-2.453738644,3.67029814,-2.907370998,ds_cbdf3834368e,ds_16b6be697acb,01190,
00887,1.855768722,-2.453738644,3.67029814,-2.907370998,ds_cbdf3834368e,ds_16b6be697acb,01190,
00888,1.855768722,-2.453738644,3.67029814,-2.907370998,ds_cbdf3834368e,ds_16b6be697acb,01190,
00889,1.628952545,-2.453738644,3.67029814,-2.907370998,ds_cbdf3834368e,ds_16b6be697acb,01190,
00890,1.628952545,-2.453738644,3.67029814,-2.907370998,ds_cbdf3834368e,ds_16b6be697acb,01190,
00891,1.628952545,-2.453738644,3.67029814,-2.907370998,ds_cbdf3834368e,ds_16b6be697acb,01190,
00892,1.628952545,-2.453738644,3.67029814,-2.907370998,ds_cbdf3834368e,ds_16b6be697acb,01190,
00893,1.628952545,-2.226922467,3.67029814,-2.907370998,ds_cbdf3834368e,ds_16b6be697acb,01190,
00894,1.402136368,-2.00010629,3.67029814,-2.907370998,ds_cbdf3834368e,ds_16b6be697acb,01190,
00895,1.402136368,-2.00010629,3.67029814,-2.907370998,ds_cbdf3834368e,ds_16b6be697acb,01190,
00896,1.402136368,-2.226922467,3.67029814,-2.907370998,ds_cbdf3834368e,ds_16b6be697acb,01190,
00897,1.402136368,-2.226922467,3.67029814,-2.907370998,ds_cbdf3834368e,ds_16b6be697acb,01190,
00898,1.402136368,-2.226922467,3.67029814,-2.907370998,ds_cbdf3834368e,ds_16b6be697acb,01190,
00899,1.402136368,-2.226922467,3.67029814,-2.907370998,ds_cbdf3834368e,ds_16b6be697acb,01190,
00900,1.402136368,-2.226922467,3.67029814,-2.907370998,ds_cbdf3834368e,ds_16b6be697acb,01190,
00901,1.402136368,-2.226922467,3.67029814,-2.907370998,ds_cbdf3834368e,ds_16b6be697acb,01190,
00902,1.628952545,-2.226922467,3.67029814,-2.907370998,ds_cbdf3834368e,ds_16b6be697acb,01190,
00903,1.628952545,-2.226922467,3.67029814,-2.907370998,ds_cbdf3834368e,ds_16b6be697acb,01190,
00904,1.628952545,-2.226922467,3.67029814,-2.907370998,ds_cbdf3834368e,ds_16b6be697acb,01190,
00905,1.628952545,-2.226922467,3.67029814,-2.907370998,ds_cbdf3834368e,ds_16b6be697acb,01190,
00906,1.628952545,-2.453738644,3.67029814,-2.907370998,ds_cbdf3834368e,ds_16b6be697acb,01190,
00907,1.628952545,-2.453738644,3.67029814,-2.907370998,ds_cbdf3834368e,ds_16b6be697acb,01190,
00908,1.855768722,-2.453738644,3.67029814,-2.907370998,ds_cbdf3834368e,ds_16b6be697acb,01190,
00909,2.0825849,-2.453738644,3.67029814,-2.907370998,ds_cbdf3834368e,ds_16b6be697acb,01190,
00910,2.0825849,-2.453738644,3.67029814,-2.907370998,ds_cbdf3834368e,ds_16b6be697acb,01190,
00911,2.309401077,-2.226922467,3.67029814,-2.907370998,ds_cbdf3834368e,ds_16b6be697acb,01190,
00912,2.309401077,-2.226922467,3.67029814,-2.907370998,ds_cbdf3834368e,ds_16b6be697acb,01190,
00913,2.309401077,-2.226922467,3.67029814,-2.907370998,ds_cbdf3834368e,ds_16b6be697acb,01190,
00914,2.309401077,-2.226922467,3.67029814,-2.907370998,ds_cbdf3834368e,ds_16b6be697acb,01190,
00915,2.309401077,-2.226922467,3.67029814,-2.907370998,ds_cbdf3834368e,ds_16b6be697acb,01190,
00916,2.309401077,-2.226922467,3.67029814,-2.907370998,ds_cbdf3834368e,ds_16b6be697acb,01190,
00917,2.0825849,-2.226922467,3.67029814,-2.907370998,ds_cbdf3834368e,ds_16b6be697acb,01190,
00918,2.0825849,-2.226922467,3.67029814,-2.907370998,ds_cbdf3834368e,ds_16b6be697acb,01190,
00919,2.0825849,-2.226922467,3.67029814,-2.907370998,ds_cbdf3834368e,ds_16b6be697acb,01190,
00920,2.0825849,-2.226922467,3.67029814,-2.907370998,ds_cbdf3834368e,ds_16b6be697acb,01190,
00921,2.0825849,-2.226922467,3.67029814,-2.907370998,ds_cbdf3834368e,ds_16b6be697acb,01190,
00922,2.0825849,-2.226922467,3.67029814,-2.907370998,ds_cbdf3834368e,ds_16b6be697acb,01190,
00923,2.0825849,-2.226922467,3.67029814,-2.907370998,ds_cbdf3834368e,ds_16b6be697acb,01190,
00924,2.0825849,-2.226922467,3.67029814,-2.907370998,ds_cbdf3834368e,ds_16b6be697acb,01190,
00925,2.309401077,-2.226922467,3.67029814,-2.907370998,ds_cbdf3834368e,ds_16b6be697acb,01190,
00926,2.309401077,-2.226922467,3.67029814,-2.907370998,ds_cbdf3834368e,ds_16b6be697acb,01190,
00927,2.309401077,-2.226922467,3.67029814,-2.907370998,ds_cbdf3834368e,ds_16b6be697acb,01190,
00928,2.309401077,-2.226922467,3.67029814,-2.907370998,ds_cbdf3834368e,ds_16b6be697acb,01190,
00929,2.309401077,-2.226922467,3.67029814,-2.907370998,ds_cbdf3834368e,ds_16b6be697acb,01190,
00930,2.309401077,-2.00010629,3.67029814,-2.907370998,ds_cbdf3834368e,ds_16b6be697acb,01190,
00931,2.309401077,-2.00010629,3.67029814,-2.907370998,ds_cbdf3834368e,ds_16b6be697acb,01190,
00932,2.309401077,-2.00010629,3.67029814,-2.907370998,ds_cbdf3834368e,ds_16b6be697acb,01190,
00933,2.309401077,-2.226922467,3.67029814,-2.907370998,ds_cbdf3834368e,ds_16b6be697acb,01190,
00934,2.309401077,-2.00010629,3.67029814,-2.907370998,ds_cbdf3834368e,ds_16b6be697acb,01190,
00935,2.0825849,-2.00010629,3.67029814,-2.907370998,ds_cbdf3834368e,ds_16b6be697acb,01190,
00936,2.0825849,-2.00010629,3.67029814,-2.907370998,ds_cbdf3834368e,ds_16b6be697acb,01190,
00937,2.309401077,-2.00010629,3.67029814,-2.907370998,ds_cbdf3834368e,ds_16b6be697acb,01190,
00938,2.309401077,-2.00010629,3.67029814,-2.907370998,ds_cbdf3834368e,ds_16b6be697acb,01190,
00939,2.309401077,-2.00010629,3.67029814,-2.907370998,ds_cbdf3834368e,ds_16b6be697acb,01190,
00940,2.0825849,-2.00010629,3.67029814,-2.907370998,ds_cbdf3834368e,ds_16b6be697acb,01190,
00941,2.0825849,-2.00010629,3.67029814,-2.907370998,ds_cbdf3834368e,ds_16b6be697acb,01190,
00942,2.309401077,-2.00010629,3.67029814,-2.907370998,ds_cbdf3834368e,ds_16b6be697acb,01190,
00943,2.309401077,-2.00010629,3.67029814,-2.907370998,ds_cbdf3834368e,ds_16b6be697acb,01190,
00944,2.536217254,-2.00010629,3.67029814,-2.907370998,ds_cbdf3834368e,ds_16b6be697acb,01190,
00945,2.536217254,-2.226922467,3.67029814,-2.907370998,ds_cbdf3834368e,ds_16b6be697acb,01190,
00946,2.763033431,-2.226922467,3.67029814,-2.907370998,ds_cbdf3834368e,ds_16b6be697acb,01190,
00947,2.763033431,-2.226922467,3.67029814,-2.907370998,ds_cbdf3834368e,ds_16b6be697acb,01190,
00948,2.763033431,-2.226922467,3.67029814,-2.907370998,ds_cbdf3834368e,ds_16b6be697acb,01190,
00949,2.763033431,-2.226922467,3.67029814,-2.907370998,ds_cbdf3834368e,ds_16b6be697acb,01190,
00950,2.763033431,-2.226922467,3.67029814,-2.907370998,ds_cbdf3834368e,ds_16b6be697acb,01190,
00951,2.763033431,-2.226922467,3.67029814,-2.907370998,ds_cbdf3834368e,ds_16b6be697acb,01190,
00952,2.763033431,-2.226922467,3.67029814,-2.907370998,ds_cbdf3834368e,ds_16b6be697acb,01190,
00953,2.763033431,-2.226922467,3.67029814,-2.907370998,ds_cbdf3834368e,ds_16b6be697acb,01190,
00954,2.763033431,-2.226922467,3.67029814,-2.907370998,ds_cbdf3834368e,ds_16b6be697acb,01190,
00955,2.763033431,-2.226922467,3.67029814,-2.907370998,ds_cbdf3834368e,ds_16b6be697acb,01190,
00956,2.763033431,-2.226922467,3.67029814,-2.907370998,ds_cbdf3834368e,ds_16b6be697acb,01190,
00957,2.763033431,-2.226922467,3.67029814,-2.907370998,ds_cbdf3834368e,ds_16b6be697acb,01190,
00958,2.763033431,-2.226922467,3.67029814,-2.907370998,ds_cbdf3834368e,ds_16b6be697acb,01190,
00959,2.763033431,-2.00010629,3.67029814,-2.907370998,ds_cbdf3834368e,ds_16b6be697acb,01190,
00960,2.763033431,-1.773290113,3.67029814,-2.907370998,ds_cbdf3834368e,ds_16b6be697acb,01190,
00961,2.763033431,-2.00010629,3.67029814,-2.907370998,ds_cbdf3834368e,ds_16b6be697acb,01190,
00962,2.763033431,-2.00010629,3.67029814,-2.907370998,ds_cbdf3834368e,ds_16b6be697acb,01190,
00963,2.763033431,-2.00010629,3.67029814,-2.907370998,ds_cbdf3834368e,ds_16b6be697acb,01190,
00964,2.536217254,-1.773290113,3.67029814,-2.907370998,ds_cbdf3834368e,ds_16b6be697acb,01190,
00965,2.536217254,-1.773290113,3.67029814,-2.907370998,ds_cbdf3834368e,ds_16b6be697acb,01190,
00966,2.536217254,-2.00010629,3.67029814,-2.907370998,ds_cbdf3834368e,ds_16b6be697acb,01190,
00967,2.536217254,-2.00010629,3.67029814,-2.907370998,ds_cbdf3834368e,ds_16b6be697acb,01190,
00968,2.536217254,-2.00010629,3.67029814,-2.907370998,ds_cbdf3834368e,ds_16b6be697acb,01190,
00969,2.536217254,-1.773290113,3.67029814,-2.907370998,ds_cbdf3834368e,ds_16b6be697acb,01190,
00970,2.763033431,-1.773290113,3.67029814,-2.907370998,ds_cbdf3834368e,ds_16b6be697acb,01190,
00971,2.763033431,-2.00010629,3.67029814,-2.907370998,ds_cbdf3834368e,ds_16b6be697acb,01190,
00972,2.763033431,-2.00010629,3.67029814,-2.907370998,ds_cbdf3834368e,ds_16b6be697acb,01190,
00973,2.536217254,-1.773290113,3.67029814,-2.907370998,ds_cbdf3834368e,ds_16b6be697acb,01190,
00974,2.536217254,-1.773290113,3.67029814,-2.907370998,ds_cbdf3834368e,ds_16b6be697acb,01190,
00975,2.536217254,-1.773290113,3.67029814,-2.907370998,ds_cbdf3834368e,ds_16b6be697acb,01190,
00976,2.536217254,-1.773290113,3.67029814,-2.907370998,ds_cbdf3834368e,ds_16b6be697acb,01190,
00977,2.536217254,-1.773290113,3.67029814,-2.907370998,ds_cbdf3834368e,ds_16b6be697acb,01190,
00978,2.536217254,-1.773290113,3.67029814,-2.907370998,ds_cbdf3834368e,ds_16b6be697acb,01190,
00979,2.536217254,-1.773290113,3.67029814,-2.907370998,ds_cbdf3834368e,ds_16b6be697acb,01190,
00980,2.536217254,-1.546473935,3.67029814,-2.907370998,ds_cbdf3834368e,ds_16b6be697acb,01190,
00981,2.309401077,-1.546473935,3.67029814,-2.907370998,ds_cbdf3834368e,ds_16b6be697acb,01190,
00982,2.536217254,-1.546473935,3.67029814,-2.907370998,ds_cbdf3834368e,ds_16b6be697acb,01190,
00983,2.536217254,-1.546473935,3.67029814,-2.907370998,ds_cbdf3834368e,ds_16b6be697acb,01190,
00984,2.536217254,-1.546473935,3.67029814,-2.907370998,ds_cbdf3834368e,ds_16b6be697acb,01190,
00985,2.763033431,-1.546473935,3.67029814,-2.907370998,ds_cbdf3834368e,ds_16b6be697acb,01190,
00986,2.763033431,-1.546473935,3.67029814,-2.907370998,ds_cbdf3834368e,ds_16b6be697acb,01190,
00987,2.536217254,-1.546473935,3.67029814,-2.907370998,ds_cbdf3834368e,ds_16b6be697acb,01190,
00988,2.309401077,-1.546473935,3.67029814,-2.907370998,ds_cbdf3834368e,ds_16b6be697acb,01190,
00989,2.309401077,-1.546473935,3.67029814,-2.907370998,ds_cbdf3834368e,ds_16b6be697acb,01190,
00990,2.536217254,-1.546473935,3.67029814,-2.907370998,ds_cbdf3834368e,ds_16b6be697acb,01190,
00991,2.536217254,-1.773290113,3.67029814,-2.907370998,ds_cbdf3834368e,ds_16b6be697acb,01190,
00992,2.309401077,-1.773290113,3.67029814,-2.907370998,ds_cbdf3834368e,ds_16b6be697acb,01190,
00993,2.309401077,-1.773290113,3.67029814,-2.907370998,ds_cbdf3834368e,ds_16b6be697acb,01190,
00994,2.309401077,-1.773290113,3.67029814,-2.907370998,ds_cbdf3834368e,ds_16b6be697acb,01190,
00995,2.309401077,-1.773290113,3.67029814,-2.907370998,ds_cbdf3834368e,ds_16b6be697acb,01190,
00996,2.309401077,-1.546473935,3.67029814,-2.907370998,ds_cbdf3834368e,ds_16b6be697acb,01190,
00997,2.309401077,-1.546473935,3.67029814,-2.907370998,ds_cbdf3834368e,ds_16b6be697acb,01190,
00998,2.536217254,-1.773290113,3.67029814,-2.907370998,ds_cbdf3834368e,ds_16b6be697acb,01190,
00999,2.536217254,-1.546473935,3.67029814,-2.907370998,ds_cbdf3834368e,ds_16b6be697acb,01190,
01000,2.536217254,-1.546473935,3.67029814,-2.907370998,ds_cbdf3834368e,ds_16b6be697acb,01190,
01001,2.536217254,-1.546473935,3.67029814,-2.907370998,ds_cbdf3834368e,ds_16b6be697acb,01190,
01002,2.763033431,-1.546473935,3.67029814,-2.907370998,ds_cbdf3834368e,ds_16b6be697acb,01190,
01003,2.763033431,-1.546473935,3.67029814,-2.907370998,ds_cbdf3834368e,ds_16b6be697acb,01190,
01004,2.763033431,-1.546473935,3.67029814,-2.907370998,ds_cbdf3834368e,ds_16b6be697acb,01190,
01005,2.763033431,-1.546473935,3.67029814,-2.907370998,ds_cbdf3834368e,ds_16b6be697acb,01190,
01006,2.536217254,-1.546473935,3.67029814,-2.907370998,ds_cbdf3834368e,ds_16b6be697acb,01190,
01007,2.309401077,-1.546473935,3.67029814,-2.907370998,ds_cbdf3834368e,ds_16b6be697acb,01190,
01008,2.309401077,-1.773290113,3.67029814,-2.907370998,ds_cbdf3834368e,ds_16b6be697acb,01190,
01009,2.0825849,-1.773290113,3.67029814,-2.907370998,ds_cbdf3834368e,ds_16b6be697acb,01190,
01010,2.0825849,-2.00010629,3.67029814,-2.907370998,ds_cbdf3834368e,ds_16b6be697acb,01190,
01011,2.0825849,-2.00010629,3.67029814,-2.907370998,ds_cbdf3834368e,ds_16b6be697acb,01190,
01012,2.309401077,-2.00010629,3.67029814,-2.907370998,ds_cbdf3834368e,ds_16b6be697acb,01190,
01013,2.309401077,-1.773290113,3.67029814,-2.907370998,ds_cbdf3834368e,ds_16b6be697acb,01190,
01014,2.309401077,-1.773290113,3.67029814,-2.907370998,ds_cbdf3834368e,ds_16b6be697acb,01190,
01015,2.309401077,-1.773290113,3.67029814,-2.907370998,ds_cbdf3834368e,ds_16b6be697acb,01190,
01016,2.309401077,-1.773290113,3.67029814,-2.907370998,ds_cbdf3834368e,ds_16b6be697acb,01190,
01017,2.309401077,-1.773290113,3.67029814,-2.907370998,ds_cbdf3834368e,ds_16b6be697acb,01190,
01018,2.536217254,-1.773290113,3.67029814,-2.907370998,ds_cbdf3834368e,ds_16b6be697acb,01190,
01019,2.536217254,-1.773290113,3.67029814,-2.907370998,ds_cbdf3834368e,ds_16b6be697acb,01190,
01020,2.309401077,-1.773290113,3.67029814,-2.907370998,ds_cbdf3834368e,ds_16b6be697acb,01190,
01021,2.309401077,-1.773290113,3.67029814,-2.907370998,ds_cbdf3834368e,ds_16b6be697acb,01190,
01022,2.309401077,-1.773290113,3.67029814,-2.907370998,ds_cbdf3834368e,ds_16b6be697acb,01190,
01023,2.0825849,-1.773290113,3.67029814,-2.907370998,ds_cbdf3834368e,ds_16b6be697acb,01190,
01024,2.0825849,-1.773290113,3.67029814,-2.907370998,ds_cbdf3834368e,ds_16b6be697acb,01190,
01025,2.0825849,-1.773290113,3.67029814,-2.907370998,ds_cbdf3834368e,ds_16b6be697acb,01190,
01026,2.309401077,-1.773290113,3.67029814,-2.907370998,ds_cbdf3834368e,ds_16b6be697acb,01190,
01027,2.309401077,-2.00010629,3.67029814,-2.907370998,ds_cbdf3834368e,ds_16b6be697acb,01190,
01028,2.536217254,-2.226922467,3.67029814,-2.907370998,ds_cbdf3834368e,ds_16b6be697acb,01190,
01029,2.536217254,-2.226922467,3.67029814,-2.907370998,ds_cbdf3834368e,ds_16b6be697acb,01190,
01030,2.536217254,-2.00010629,3.67029814,-2.907370998,ds_cbdf3834368e,ds_16b6be697acb,01190,
01031,2.536217254,-2.226922467,3.67029814,-2.907370998,ds_cbdf3834368e,ds_16b6be697acb,01190,
01032,2.536217254,-2.226922467,3.67029814,-2.907370998,ds_cbdf3834368e,ds_16b6be697acb,01190,
01033,2.536217254,-2.226922467,3.67029814,-2.907370998,ds_cbdf3834368e,ds_16b6be697acb,01190,
01034,2.536217254,-2.00010629,3.67029814,-2.907370998,ds_cbdf3834368e,ds_16b6be697acb,01190,
01035,2.536217254,-2.00010629,3.67029814,-2.907370998,ds_cbdf3834368e,ds_16b6be697acb,01190,
01036,2.536217254,-2.00010629,3.67029814,-2.907370998,ds_cbdf3834368e,ds_16b6be697acb,01190,
01037,2.536217254,-2.00010629,3.67029814,-2.907370998,ds_cbdf3834368e,ds_16b6be697acb,01190,
01038,2.536217254,-2.00010629,3.67029814,-2.907370998,ds_cbdf3834368e,ds_16b6be697acb,01190,
01039,2.309401077,-2.00010629,3.67029814,-2.907370998,ds_cbdf3834368e,ds_16b6be697acb,01190,
01040,2.309401077,-2.00010629,3.67029814,-2.907370998,ds_cbdf3834368e,ds_16b6be697acb,01190,
01041,2.309401077,-2.226922467,3.67029814,-2.907370998,ds_cbdf3834368e,ds_16b6be697acb,01190,
01042,2.309401077,-2.226922467,3.67029814,-2.907370998,ds_cbdf3834368e,ds_16b6be697acb,01190,
01043,2.536217254,-2.226922467,3.67029814,-2.907370998,ds_cbdf3834368e,ds_16b6be697acb,01190,
01044,2.536217254,-2.226922467,3.67029814,-2.907370998,ds_cbdf3834368e,ds_16b6be697acb,01190,
01045,2.763033431,-2.226922467,3.67029814,-2.907370998,ds_cbdf3834368e,ds_16b6be697acb,01190,
01046,2.763033431,-2.226922467,3.67029814,-2.907370998,ds_cbdf3834368e,ds_16b6be697acb,01190,
01047,2.763033431,-2.226922467,3.67029814,-2.907370998,ds_cbdf3834368e,ds_16b6be697acb,01190,
01048,2.536217254,-2.00010629,3.67029814,-2.907370998,ds_cbdf3834368e,ds_16b6be697acb,01190,
01049,2.536217254,-2.00010629,3.67029814,-2.907370998,ds_cbdf3834368e,ds_16b6be697acb,01190,
01050,2.536217254,-2.00010629,3.67029814,-2.907370998,ds_cbdf3834368e,ds_16b6be697acb,01190,
01051,2.309401077,-2.00010629,3.67029814,-2.907370998,ds_cbdf3834368e,ds_16b6be697acb,01190,
01052,2.536217254,-2.226922467,3.67029814,-2.907370998,ds_cbdf3834368e,ds_16b6be697acb,01190,
01053,2.536217254,-2.226922467,3.67029814,-2.907370998,ds_cbdf3834368e,ds_16b6be697acb,01190,
01054,2.536217254,-2.00010629,3.67029814,-2.907370998,ds_cbdf3834368e,ds_16b6be697acb,01190,
01055,2.536217254,-2.00010629,3.67029814,-2.907370998,ds_cbdf3834368e,ds_16b6be697acb,01190,
01056,2.536217254,-2.00010629,3.67029814,-2.907370998,ds_cbdf3834368e,ds_16b6be697acb,01190,
01057,2.536217254,-2.00010629,3.67029814,-2.907370998,ds_cbdf3834368e,ds_16b6be697acb,01190,
01058,2.536217254,-2.00010629,3.67029814,-2.907370998,ds_cbdf3834368e,ds_16b6be697acb,01190,
01059,2.536217254,-2.00010629,3.67029814,-2.907370998,ds_cbdf3834368e,ds_16b6be697acb,01190,
01060,2.763033431,-2.00010629,3.67029814,-2.907370998,ds_cbdf3834368e,ds_16b6be697acb,01190,
01061,2.536217254,-2.00010629,3.67029814,-2.907370998,ds_cbdf3834368e,ds_16b6be697acb,01190,
01062,2.763033431,-2.00010629,3.67029814,-2.907370998,ds_cbdf3834368e,ds_16b6be697acb,01190,
01063,2.763033431,-2.00010629,3.67029814,-2.907370998,ds_cbdf3834368e,ds_16b6be697acb,01190,
01064,2.763033431,-2.00010629,3.67029814,-2.907370998,ds_cbdf3834368e,ds_16b6be697acb,01190,
01065,2.763033431,-2.00010629,3.67029814,-2.907370998,ds_cbdf3834368e,ds_16b6be697acb,01190,
01066,2.763033431,-2.00010629,3.67029814,-2.907370998,ds_cbdf3834368e,ds_16b6be697acb,01190,
01067,2.763033431,-2.226922467,3.67029814,-2.907370998,ds_cbdf3834368e,ds_16b6be697acb,01190,
01068,2.763033431,-2.226922467,3.67029814,-2.907370998,ds_cbdf3834368e,ds_16b6be697acb,01190,
01069,2.763033431,-2.226922467,3.67029814,-2.907370998,ds_cbdf3834368e,ds_16b6be697acb,01190,
01070,2.763033431,-2.226922467,3.67029814,-2.907370998,ds_cbdf3834368e,ds_16b6be697acb,01190,
01071,2.763033431,-2.226922467,3.67029814,-2.907370998,ds_cbdf3834368e,ds_16b6be697acb,01190,
01072,2.763033431,-2.226922467,3.67029814,-2.907370998,ds_cbdf3834368e,ds_16b6be697acb,01190,
01073,2.763033431,-2.226922467,3.67029814,-2.907370998,ds_cbdf3834368e,ds_16b6be697acb,01190,
01074,2.536217254,-2.226922467,3.67029814,-2.907370998,ds_cbdf3834368e,ds_16b6be697acb,01190,
01075,2.536217254,-2.226922467,3.67029814,-2.907370998,ds_cbdf3834368e,ds_16b6be697acb,01190,
01076,2.309401077,-2.226922467,3.67029814,-2.907370998,ds_cbdf3834368e,ds_16b6be697acb,01190,
01077,2.309401077,-2.226922467,3.67029814,-2.907370998,ds_cbdf3834368e,ds_16b6be697acb,01190,
01078,2.309401077,-2.226922467,3.67029814,-2.907370998,ds_cbdf3834368e,ds_16b6be697acb,01190,
01079,2.309401077,-2.453738644,3.67029814,-2.907370998,ds_cbdf3834368e,ds_16b6be697acb,01190,
01080,2.0825849,-2.680554821,3.67029814,-2.907370998,ds_cbdf3834368e,ds_16b6be697acb,01190,
01081,2.0825849,-2.680554821,3.67029814,-2.907370998,ds_cbdf3834368e,ds_16b6be697acb,01190,
01082,2.309401077,-2.680554821,3.67029814,-2.907370998,ds_cbdf3834368e,ds_16b6be697acb,01190,
01083,2.309401077,-2.680554821,3.67029814,-2.907370998,ds_cbdf3834368e,ds_16b6be697acb,01190,
01084,2.309401077,-2.680554821,3.67029814,-2.907370998,ds_cbdf3834368e,ds_16b6be697acb,01190,
01085,2.536217254,-2.680554821,3.67029814,-2.907370998,ds_cbdf3834368e,ds_16b6be697acb,01190,
01086,2.536217254,-2.680554821,3.67029814,-2.907370998,ds_cbdf3834368e,ds_16b6be697acb,01190,
01087,2.309401077,-2.680554821,3.67029814,-2.907370998,ds_cbdf3834368e,ds_16b6be697acb,01190,
01088,2.309401077,-2.680554821,3.67029814,-2.907370998,ds_cbdf3834368e,ds_16b6be697acb,01190,
01089,2.309401077,-2.680554821,3.67029814,-2.907370998,ds_cbdf3834368e,ds_16b6be697acb,01190,
01090,2.309401077,-2.680554821,3.67029814,-2.907370998,ds_cbdf3834368e,ds_16b6be697acb,01190,
01091,2.309401077,-2.680554821,3.67029814,-2.907370998,ds_cbdf3834368e,ds_16b6be697acb,01190,
01092,2.309401077,-2.680554821,3.67029814,-2.907370998,ds_cbdf3834368e,ds_16b6be697acb,01190,
01093,2.309401077,-2.680554821,3.67029814,-2.907370998,ds_cbdf3834368e,ds_16b6be697acb,01190,
01094,2.309401077,-2.680554821,3.67029814,-2.907370998,ds_cbdf3834368e,ds_16b6be697acb,01190,
01095,2.309401077,-2.680554821,3.67029814,-2.907370998,ds_cbdf3834368e,ds_16b6be697acb,01190,
01096,2.309401077,-2.680554821,3.67029814,-2.907370998,ds_cbdf3834368e,ds_16b6be697acb,01190,
01097,2.309401077,-2.680554821,3.67029814,-2.907370998,ds_cbdf3834368e,ds_16b6be697acb,01190,
01098,2.309401077,-2.680554821,3.67029814,-2.907370998,ds_cbdf3834368e,ds_16b6be697acb,01190,
01099,2.536217254,-2.680554821,3.67029814,-2.907370998,ds_cbdf3834368e,ds_16b6be697acb,01190,
01100,2.536217254,-2.680554821,3.67029814,-2.907370998,ds_cbdf3834368e,ds_16b6be697acb,01190,
01101,2.536217254,-2.680554821,3.67029814,-2.907370998,ds_cbdf3834368e,ds_16b6be697acb,01190,
01102,2.536217254,-2.680554821,3.67029814,-2.907370998,ds_cbdf3834368e,ds_16b6be697acb,01190,
01103,2.536217254,-2.680554821,3.67029814,-2.907370998,ds_cbdf3834368e,ds_16b6be697acb,01190,
01104,2.309401077,-2.907370998,3.67029814,-2.907370998,ds_cbdf3834368e,ds_16b6be697acb,01190,
01105,2.309401077,-2.907370998,3.67029814,-2.907370998,ds_cbdf3834368e,ds_16b6be697acb,01190,
01106,2.309401077,-2.907370998,3.67029814,-2.907370998,ds_cbdf3834368e,ds_16b6be697acb,01190,
01107,2.309401077,-2.680554821,3.67029814,-2.907370998,ds_cbdf3834368e,ds_16b6be697acb,01190,
01108,2.536217254,-2.680554821,3.67029814,-2.907370998,ds_cbdf3834368e,ds_16b6be697acb,01190,
01109,2.536217254,-2.680554821,3.67029814,-2.907370998,ds_cbdf3834368e,ds_16b6be697acb,01190,
01110,2.536217254,-2.680554821,3.67029814,-2.907370998,ds_cbdf3834368e,ds_16b6be697acb,01190,
01111,2.536217254,-2.680554821,3.67029814,-2.907370998,ds_cbdf3834368e,ds_16b6be697acb,01190,
01112,2.536217254,-2.680554821,3.67029814,-2.907370998,ds_cbdf3834368e,ds_16b6be697acb,01190,
01113,2.536217254,-2.680554821,3.67029814,-2.907370998,ds_cbdf3834368e,ds_16b6be697acb,01190,
01114,2.536217254,-2.680554821,3.67029814,-2.907370998,ds_cbdf3834368e,ds_16b6be697acb,01190,
01115,2.309401077,-2.680554821,3.67029814,-2.907370998,ds_cbdf3834368e,ds_16b6be697acb,01190,
01116,2.309401077,-2.680554821,3.67029814,-2.907370998,ds_cbdf3834368e,ds_16b6be697acb,01190,
01117,2.309401077,-2.680554821,3.67029814,-2.907370998,ds_cbdf3834368e,ds_16b6be697acb,01190,
01118,2.309401077,-2.680554821,3.67029814,-2.907370998,ds_cbdf3834368e,ds_16b6be697acb,01190,
01119,2.309401077,-2.680554821,3.67029814,-2.907370998,ds_cbdf3834368e,ds_16b6be697acb,01190,
01120,2.536217254,-2.680554821,3.67029814,-2.907370998,ds_cbdf3834368e,ds_16b6be697acb,01190,
01121,2.536217254,-2.680554821,3.67029814,-2.907370998,ds_cbdf3834368e,ds_16b6be697acb,01190,
01122,2.309401077,-2.680554821,3.67029814,-2.907370998,ds_cbdf3834368e,ds_16b6be697acb,01190,
01123,2.309401077,-2.680554821,3.67029814,-2.907370998,ds_cbdf3834368e,ds_16b6be697acb,01190,
01124,2.0825849,-2.680554821,3.67029814,-2.907370998,ds_cbdf3834368e,ds_16b6be697acb,01190,
01125,2.0825849,-2.680554821,3.67029814,-2.907370998,ds_cbdf3834368e,ds_16b6be697acb,01190,
01126,2.309401077,-2.680554821,3.67029814,-2.907370998,ds_cbdf3834368e,ds_16b6be697acb,01190,
01127,2.309401077,-2.453738644,3.67029814,-2.907370998,ds_cbdf3834368e,ds_16b6be697acb,01190,
01128,2.309401077,-2.453738644,3.67029814,-2.907370998,ds_cbdf3834368e,ds_16b6be697acb,01190,
01129,2.0825849,-2.226922467,3.67029814,-2.907370998,ds_cbdf3834368e,ds_16b6be697acb,01190,
01130,2.309401077,-2.226922467,3.67029814,-2.907370998,ds_cbdf3834368e,ds_16b6be697acb,01190,
01131,2.309401077,-2.226922467,3.67029814,-2.907370998,ds_cbdf3834368e,ds_16b6be697acb,01190,
01132,2.0825849,-2.226922467,3.67029814,-2.907370998,ds_cbdf3834368e,ds_16b6be697acb,01190,
01133,2.0825849,-2.226922467,3.67029814,-2.907370998,ds_cbdf3834368e,ds_16b6be697acb,01190,
01134,2.0825849,-2.226922467,3.67029814,-2.907370998,ds_cbdf3834368e,ds_16b6be697acb,01190,
01135,2.0825849,-2.226922467,3.67029814,-2.907370998,ds_cbdf3834368e,ds_16b6be697acb,01190,
01136,2.0825849,-2.226922467,3.67029814,-2.907370998,ds_cbdf3834368e,ds_16b6be697acb,01190,
01137,2.0825849,-2.226922467,3.67029814,-2.907370998,ds_cbdf3834368e,ds_16b6be697acb,01190,
01138,1.855768722,-2.226922467,3.67029814,-2.907370998,ds_cbdf3834368e,ds_16b6be697acb,01190,
01139,1.855768722,-2.226922467,3.67029814,-2.907370998,ds_cbdf3834368e,ds_16b6be697acb,01190,
01140,1.855768722,-2.226922467,3.67029814,-2.907370998,ds_cbdf3834368e,ds_16b6be697acb,01190,
01141,1.855768722,-2.226922467,3.67029814,-2.907370998,ds_cbdf3834368e,ds_16b6be697acb,01190,
01142,2.0825849,-2.226922467,3.67029814,-2.907370998,ds_cbdf3834368e,ds_16b6be697acb,01190,
01143,2.309401077,-2.226922467,3.67029814,-2.907370998,ds_cbdf3834368e,ds_16b6be697acb,01190,
01144,2.536217254,-2.453738644,3.67029814,-2.907370998,ds_cbdf3834368e,ds_16b6be697acb,01190,
01145,2.536217254,-2.453738644,3.67029814,-2.907370998,ds_cbdf3834368e,ds_16b6be697acb,01190,
01146,2.309401077,-2.453738644,3.67029814,-2.907370998,ds_cbdf3834368e,ds_16b6be697acb,01190,
01147,2.536217254,-2.453738644,3.67029814,-2.907370998,ds_cbdf3834368e,ds_16b6be697acb,01190,
01148,2.536217254,-2.453738644,3.67029814,-2.907370998,ds_cbdf3834368e,ds_16b6be697acb,01190,
01149,2.536217254,-2.453738644,3.67029814,-2.907370998,ds_cbdf3834368e,ds_16b6be697acb,01190,
01150,2.536217254,-2.453738644,3.67029814,-2.907370998,ds_cbdf3834368e,ds_16b6be697acb,01190,
01151,2.536217254,-2.453738644,3.67029814,-2.907370998,ds_cbdf3834368e,ds_16b6be697acb,01190,
01152,2.763033431,-2.453738644,3.67029814,-2.907370998,ds_cbdf3834368e,ds_16b6be697acb,01190,
01153,2.763033431,-2.226922467,3.67029814,-2.907370998,ds_cbdf3834368e,ds_16b6be697acb,01190,
01154,2.763033431,-2.226922467,3.67029814,-2.907370998,ds_cbdf3834368e,ds_16b6be697acb,01190,
01155,2.763033431,-2.226922467,3.67029814,-2.907370998,ds_cbdf3834368e,ds_16b6be697acb,01190,
01156,2.763033431,-2.00010629,3.67029814,-2.907370998,ds_cbdf3834368e,ds_16b6be697acb,01190,
01157,2.763033431,-2.226922467,3.67029814,-2.907370998,ds_cbdf3834368e,ds_16b6be697acb,01190,
01158,2.763033431,-2.00010629,3.67029814,-2.907370998,ds_cbdf3834368e,ds_16b6be697acb,01190,
01159,2.763033431,-2.226922467,3.67029814,-2.907370998,ds_cbdf3834368e,ds_16b6be697acb,01190,
01160,2.763033431,-2.226922467,3.67029814,-2.907370998,ds_cbdf3834368e,ds_16b6be697acb,01190,
01161,2.763033431,-2.226922467,3.67029814,-2.907370998,ds_cbdf3834368e,ds_16b6be697acb,01190,
01162,2.763033431,-2.226922467,3.67029814,-2.907370998,ds_cbdf3834368e,ds_16b6be697acb,01190,
01163,2.763033431,-2.226922467,3.67029814,-2.907370998,ds_cbdf3834368e,ds_16b6be697acb,01190,
01164,2.763033431,-2.453738644,3.67029814,-2.907370998,ds_cbdf3834368e,ds_16b6be697acb,01190,
01165,2.536217254,-2.453738644,3.67029814,-2.907370998,ds_cbdf3834368e,ds_16b6be697acb,01190,
01166,2.536217254,-2.226922467,3.67029814,-2.907370998,ds_cbdf3834368e,ds_16b6be697acb,01190,
01167,2.536217254,-2.453738644,3.67029814,-2.907370998,ds_cbdf3834368e,ds_16b6be697acb,01190,
01168,2.536217254,-2.453738644,3.67029814,-2.907370998,ds_cbdf3834368e,ds_16b6be697acb,01190,
01169,2.536217254,-2.453738644,3.67029814,-2.907370998,ds_cbdf3834368e,ds_16b6be697acb,01190,
01170,2.536217254,-2.453738644,3.67029814,-2.907370998,ds_cbdf3834368e,ds_16b6be697acb,01190,
01171,2.536217254,-2.453738644,3.67029814,-2.907370998,ds_cbdf3834368e,ds_16b6be697acb,01190,
01172,2.763033431,-2.453738644,3.67029814,-2.907370998,ds_cbdf3834368e,ds_16b6be697acb,01190,
01173,2.763033431,-2.453738644,3.67029814,-2.907370998,ds_cbdf3834368e,ds_16b6be697acb,01190,
01174,2.763033431,-2.453738644,3.67029814,-2.907370998,ds_cbdf3834368e,ds_16b6be697acb,01190,
01175,2.763033431,-2.453738644,3.67029814,-2.907370998,ds_cbdf3834368e,ds_16b6be697acb,01190,
01176,2.763033431,-2.680554821,3.67029814,-2.907370998,ds_cbdf3834368e,ds_16b6be697acb,01190,
01177,2.763033431,-2.680554821,3.67029814,-2.907370998,ds_cbdf3834368e,ds_16b6be697acb,01190,
01178,2.763033431,-2.680554821,3.67029814,-2.907370998,ds_cbdf3834368e,ds_16b6be697acb,01190,
01179,2.763033431,-2.680554821,3.67029814,-2.907370998,ds_cbdf3834368e,ds_16b6be697acb,01190,
01180,2.763033431,-2.680554821,3.67029814,-2.907370998,ds_cbdf3834368e,ds_16b6be697acb,01190,
01181,2.763033431,-2.680554821,3.67029814,-2.907370998,ds_cbdf3834368e,ds_16b6be697acb,01190,
01182,2.536217254,-2.680554821,3.67029814,-2.907370998,ds_cbdf3834368e,ds_16b6be697acb,01190,
01183,2.536217254,-2.453738644,3.67029814,-2.907370998,ds_cbdf3834368e,ds_16b6be697acb,01190,
01184,2.536217254,-2.453738644,3.67029814,-2.907370998,ds_cbdf3834368e,ds_16b6be697acb,01190,
01185,2.536217254,-2.453738644,3.67029814,-2.907370998,ds_cbdf3834368e,ds_16b6be697acb,01190,
01186,2.536217254,-2.226922467,3.67029814,-2.907370998,ds_cbdf3834368e,ds_16b6be697acb,01190,
01187,2.309401077,-2.226922467,3.67029814,-2.907370998,ds_cbdf3834368e,ds_16b6be697acb,01190,
01188,2.536217254,-2.00010629,3.67029814,-2.907370998,ds_cbdf3834368e,ds_16b6be697acb,01190,
01189,2.536217254,-2.00010629,3.67029814,-2.907370998,ds_cbdf3834368e,ds_16b6be697acb,01190,
01190,2.536217254,-2.00010629,3.67029814,-2.907370998,ds_cbdf3834368e,ds_16b6be697acb,01190,
